"time","obs","pred","target"
1,-2.21870360901334,NA,"Phytopla1"
2,3.06992234414378,-0.174941580577015,"Phytopla1"
3,-2.29938849996842,-0.694172585003947,"Phytopla1"
4,-0.384411698910332,-0.0569175769476213,"Phytopla1"
5,0.871554838032764,0.638595153945444,"Phytopla1"
6,1.18616817969243,0.0963218509136816,"Phytopla1"
7,1.15204899289354,-0.328436507687078,"Phytopla1"
8,-1.6418073463912,-0.0585954440101713,"Phytopla1"
9,1.83868656811709,0.228942881412969,"Phytopla1"
10,NA,-0.609661915742263,"Phytopla1"
11,NA,NA,"Phytopla1"
12,-2.85758193507317,NA,"Phytopla1"
13,1.68400660793161,1.05028450333258,"Phytopla1"
14,1.44867861738649,-0.373991917607421,"Phytopla1"
15,-2.33256592520598,0.406461072805116,"Phytopla1"
16,-0.282862786015832,0.79900276838335,"Phytopla1"
17,2.17562546553276,0.00415737696862369,"Phytopla1"
18,0.920648037243111,-1.08460963370504,"Phytopla1"
19,0.106316580221547,-1.3727824238418,"Phytopla1"
20,0.488690332654059,-0.570842416516933,"Phytopla1"
21,NA,-1.51433298305782,"Phytopla1"
22,NA,NA,"Phytopla1"
23,-4.8543358426655,NA,"Phytopla1"
24,-0.606135803570316,0.250315265241479,"Phytopla1"
25,1.62596721438531,0.0426199176825559,"Phytopla1"
26,-4.80402104473326,0.521889460339214,"Phytopla1"
27,2.484906649788,1.30747209300348,"Phytopla1"
28,0.693147180559945,-0.179240117234575,"Phytopla1"
29,3.44468249360189,-0.0711402812851256,"Phytopla1"
30,-1.00233545823269,-1.27644523298823,"Phytopla1"
31,1.59704256597938,-1.00394154328635,"Phytopla1"
32,NA,-1.65543139931906,"Phytopla1"
33,NA,NA,"Phytopla1"
34,-3.09022495893306,NA,"Phytopla1"
35,-1.71604764749236,-0.599182629676478,"Phytopla1"
36,2.42921774392741,-0.139837154435981,"Phytopla1"
37,-3.55314784057981,-1.04432879220022,"Phytopla1"
38,0.852777326151829,0.224300754925615,"Phytopla1"
39,1.69124451120375,-0.291176463697717,"Phytopla1"
40,1.47720046003756,-0.987271553124373,"Phytopla1"
41,-1.90868080728696,-1.2526498657673,"Phytopla1"
42,0.249762837589487,-0.752913684352276,"Phytopla1"
43,NA,-0.902359843372192,"Phytopla1"
44,NA,NA,"Phytopla1"
45,0.45953232937844,NA,"Phytopla1"
46,-2.43361335540045,-0.372069127244548,"Phytopla1"
47,1.77495235091167,0.57330898791538,"Phytopla1"
48,4.03138671206962,0.436253643193388,"Phytopla1"
49,-3.35533396486897,-1.70964255663466,"Phytopla1"
50,0.771862748025419,0.428115943723865,"Phytopla1"
51,2.05166899174489,-0.456000689777685,"Phytopla1"
52,0.509288344447104,-0.866631253291645,"Phytopla1"
53,-0.70117935225721,-1.98897875551658,"Phytopla1"
54,NA,-1.38501846535713,"Phytopla1"
55,NA,NA,"Phytopla1"
56,5.63204775249165,NA,"Phytopla1"
57,-3.35307252513674,-2.29050606708044,"Phytopla1"
58,2.13139588032811,0.282412699686971,"Phytopla1"
59,0.0879559826870182,-1.59020591580194,"Phytopla1"
60,-0.816136624406903,-0.238756503400613,"Phytopla1"
61,3.02532365492209,-0.176687968613768,"Phytopla1"
62,-0.541396231623474,-1.87397184831889,"Phytopla1"
63,-0.971495759052486,-1.40734693946906,"Phytopla1"
64,-1.82617753501892,-1.79181864995206,"Phytopla1"
65,NA,-1.15323772365461,"Phytopla1"
66,NA,NA,"Phytopla1"
67,-3.99309082851693,NA,"Phytopla1"
68,4.409425608862,0.189235927903757,"Phytopla1"
69,0.917911040087144,-2.09285428294868,"Phytopla1"
70,-2.31507507344394,-1.64689685415238,"Phytopla1"
71,-1.22050210627715,-0.840211306073544,"Phytopla1"
72,-1.28093384546206,-0.329095250236408,"Phytopla1"
73,-1.6094379124341,0.0459950879419259,"Phytopla1"
74,-0.810930216216329,0.49009045431929,"Phytopla1"
75,2.07944154167984,0.504006129817983,"Phytopla1"
76,NA,-0.334381665802843,"Phytopla1"
77,NA,NA,"Phytopla1"
78,-0.667171694156685,NA,"Phytopla1"
79,-0.773189888233482,-0.0862836041751125,"Phytopla1"
80,1.13497993283898,-0.171552209280184,"Phytopla1"
81,-0.889857474806,-0.492245694825861,"Phytopla1"
82,-1.05605267424931,0.206652241004894,"Phytopla1"
83,1.6094379124341,0.418284765182858,"Phytopla1"
84,1.44101926080914,-0.474445290585319,"Phytopla1"
85,0.295051302558329,-0.500488126257678,"Phytopla1"
86,-1.68728039919803,-0.547944061674533,"Phytopla1"
87,NA,0.135426818240573,"Phytopla1"
88,NA,NA,"Phytopla1"
89,0.127155175485247,NA,"Phytopla1"
90,2.41870837723206,-1.0458010182094,"Phytopla1"
91,0.030751523560188,-1.59356632414728,"Phytopla1"
92,1.3962319328838,-1.07494533046279,"Phytopla1"
93,-1.86623556212954,-1.27553898574412,"Phytopla1"
94,-3.04865467500833,-0.378713447767056,"Phytopla1"
95,1.42363203155754,0.665277651857498,"Phytopla1"
96,0.38251617512262,-1.17236373764989,"Phytopla1"
97,-1.06007862466587,-1.03303604704572,"Phytopla1"
98,NA,0.113360369266587,"Phytopla1"
99,NA,NA,"Phytopla1"
100,1.22236956757795,NA,"Phytopla1"
101,-0.150564349325652,-2.60981924465331,"Phytopla1"
102,-1.01684633397154,-1.30457593287833,"Phytopla1"
103,1.13426782435999,-0.870076699478153,"Phytopla1"
104,-1.46347434725478,-1.84936318293332,"Phytopla1"
105,-3.91540710341239,-1.38373270703989,"Phytopla1"
106,-4.07753744390572,0.405168101115952,"Phytopla1"
107,1.09861228866811,1.4288850391737,"Phytopla1"
108,-1.09861228866811,1.00574024847978,"Phytopla1"
109,NA,0.942966618092883,"Phytopla1"
110,NA,NA,"Phytopla1"
111,0.483750037160709,NA,"Phytopla1"
112,1.17699715126839,-2.53971028721179,"Phytopla1"
113,-5.51295169864634,-2.74793442889803,"Phytopla1"
114,-2.45315795147342,0.0891884572375717,"Phytopla1"
115,1.05605267424931,0.673788291479553,"Phytopla1"
116,-1.74919985480926,-0.210968296660336,"Phytopla1"
117,0,0.955832284406438,"Phytopla1"
118,-1.38629436111989,0.672319963530544,"Phytopla1"
119,0,1.08600298898912,"Phytopla1"
120,NA,0.730760147731124,"Phytopla1"
121,NA,NA,"Phytopla1"
122,0.20426651543631,NA,"Phytopla1"
123,0.968439802565029,-2.13170108965848,"Phytopla1"
124,-4.87791989498906,-2.23756869916115,"Phytopla1"
125,-0.810930216216329,-0.6069853995914,"Phytopla1"
126,1.74608943239487,-0.288434584624881,"Phytopla1"
127,-1.17632127299543,-0.775952706644655,"Phytopla1"
128,0.454736157114947,-0.22677419043424,"Phytopla1"
129,-0.938982143076226,-0.329642113563789,"Phytopla1"
130,-1.71297859137494,-0.0203997504482461,"Phytopla1"
131,NA,0.540682055268879,"Phytopla1"
132,NA,NA,"Phytopla1"
133,-2.76710388631648,NA,"Phytopla1"
134,-1.59311101914667,-1.99588055227128,"Phytopla1"
135,-1.09861228866811,-1.10664932349808,"Phytopla1"
136,0.283625271756167,-0.568756084888277,"Phytopla1"
137,-1.68213974421083,-0.106321579263381,"Phytopla1"
138,-0.58451333955715,-0.0117404583153523,"Phytopla1"
139,0.385662480811985,0.117253639093143,"Phytopla1"
140,0.392042087776024,-0.03029236713322,"Phytopla1"
141,-1.16857087727502,-0.322146313612042,"Phytopla1"
142,NA,0.266635249762096,"Phytopla1"
143,NA,NA,"Phytopla1"
144,3.78134468178603,NA,"Phytopla1"
145,-1.89997305386829,-1.32063436907763,"Phytopla1"
146,3.09622381210031,-0.377225786385031,"Phytopla1"
147,-2.51907554540325,-1.57398731724187,"Phytopla1"
148,-0.200670695462151,-0.423602389586507,"Phytopla1"
149,-1.44691898293633,-0.587073177486029,"Phytopla1"
150,-1.50407739677627,0.0551747048933782,"Phytopla1"
151,2.01490302054226,0.517121411044643,"Phytopla1"
152,-1.14990558305566,-0.576345115110828,"Phytopla1"
153,NA,0.291743422343293,"Phytopla1"
154,NA,NA,"Phytopla1"
155,0.118657543801316,NA,"Phytopla1"
156,-0.666693654111728,-1.73953169007533,"Phytopla1"
157,-6.08791044537623,-1.41771430201491,"Phytopla1"
158,-0.287682072451781,1.19740580673759,"Phytopla1"
159,1.84582669049833,0.639866509164006,"Phytopla1"
160,-2.94443897916644,-0.182431167689408,"Phytopla1"
161,2.19722457733622,1.20653659416844,"Phytopla1"
162,-1.50407739677627,0.016041177415398,"Phytopla1"
163,-0.693147180559945,0.88691913702369,"Phytopla1"
164,NA,0.858066966482043,"Phytopla1"
165,NA,NA,"Phytopla1"
166,-2.14830419635561,NA,"Phytopla1"
167,-0.0729067708080878,-0.473357714551728,"Phytopla1"
168,-1.06555142640722,-0.528721548389925,"Phytopla1"
169,-0.769133087537867,0.0775180872714116,"Phytopla1"
170,0.719122666963206,0.140842492824794,"Phytopla1"
171,-2.27726728500976,-0.0545879773868741,"Phytopla1"
172,-1.38629436111989,1.05099596240862,"Phytopla1"
173,0.693147180559945,1.18214817383694,"Phytopla1"
174,0,0.560896673846158,"Phytopla1"
175,NA,0.59045224497535,"Phytopla1"
176,NA,NA,"Phytopla1"
177,-2.05510944102031,NA,"Phytopla1"
178,2.85779558746155,0.104345018213009,"Phytopla1"
179,-0.316799471022508,-0.996911319544826,"Phytopla1"
180,1.33739055412972,-0.832434235848699,"Phytopla1"
181,-2.0244954202337,-1.37147318132359,"Phytopla1"
182,0.486434170641832,0.159857743874296,"Phytopla1"
183,0.826447064907013,-0.325187184747248,"Phytopla1"
184,1.09210820069893,-1.06638943172647,"Phytopla1"
185,-2.65716482024265,-1.02437572405391,"Phytopla1"
186,NA,0.269247100194676,"Phytopla1"
187,NA,NA,"Phytopla1"
188,0.55431073570573,NA,"Phytopla1"
189,-0.294799540220645,0.173004577332856,"Phytopla1"
190,-2.4567357728213,0.0399895239073831,"Phytopla1"
191,-1.09861228866811,0.621285312604903,"Phytopla1"
192,2.07944154167984,1.48109075454919,"Phytopla1"
193,1.54489939129653,-0.122969434450465,"Phytopla1"
194,0.924258901523332,0.322572817460742,"Phytopla1"
195,0.0105264129869876,0.163992825659863,"Phytopla1"
196,-0.542743226734296,-0.0176063398607041,"Phytopla1"
197,NA,-0.0159629208109197,"Phytopla1"
198,NA,NA,"Phytopla1"
199,-0.598038593337696,NA,"Phytopla1"
200,-5.51342874616498,-0.541346031729207,"Phytopla1"
201,0,1.23081664689605,"Phytopla1"
202,3.04452243772342,0.696095135117154,"Phytopla1"
203,-3.04452243772342,-0.0297798938291661,"Phytopla1"
204,4.74493212836325,1.1043685183679,"Phytopla1"
205,0.317662904663717,-0.670661138841142,"Phytopla1"
206,0.928869514081015,0.539135856274301,"Phytopla1"
207,-1.22929061231023,0.356388964960629,"Phytopla1"
208,NA,0.474350038173847,"Phytopla1"
209,NA,NA,"Phytopla1"
210,-4.70985877784246,NA,"Phytopla1"
211,0.363069549140479,-1.53009645662034,"Phytopla1"
212,-5.9427993751267,-1.38718874173023,"Phytopla1"
213,2.30258509299405,0.343739709301438,"Phytopla1"
214,0.405465108108164,-0.568580034334106,"Phytopla1"
215,0.747214401830221,-0.221906305325942,"Phytopla1"
216,1.92001380475173,-0.870586663305159,"Phytopla1"
217,-3.07269331469012,-1.18660067545484,"Phytopla1"
218,1.30833281965018,0.29776115121954,"Phytopla1"
219,NA,-0.324810432840468,"Phytopla1"
220,NA,NA,"Phytopla1"
221,-2.11021320034659,NA,"Phytopla1"
222,1.74919985480926,0.537485587607252,"Phytopla1"
223,-2.1910326070883,-0.674367813408238,"Phytopla1"
224,-0.182321556793955,0.133567292615847,"Phytopla1"
225,1.81373837594683,-0.161135378988932,"Phytopla1"
226,0.475423696715075,0.384935437723002,"Phytopla1"
227,0.18457127652797,-0.0117153543119328,"Phytopla1"
228,0.327604786335892,-0.397387807270029,"Phytopla1"
229,-1.50205515139551,-0.914735014713265,"Phytopla1"
230,NA,0.160797804744835,"Phytopla1"
231,NA,NA,"Phytopla1"
232,-1.87659834916508,NA,"Phytopla1"
233,2.19025590802013,0.631870297642291,"Phytopla1"
234,-5.65599181081985,-0.637363442905967,"Phytopla1"
235,0,1.98263672708062,"Phytopla1"
236,3.29583686600433,1.87002036406138,"Phytopla1"
237,1.14681439048599,0.0752282794549547,"Phytopla1"
238,0.111225635110224,0.103609563988823,"Phytopla1"
239,0.164621979694554,-0.122314317079979,"Phytopla1"
240,0.0436750635026616,0.776717416114477,"Phytopla1"
241,NA,-0.26761619683107,"Phytopla1"
242,NA,NA,"Phytopla1"
243,-3.43934914762653,NA,"Phytopla1"
244,0.441832752279039,0.4032985102424,"Phytopla1"
245,-3.3322045101752,-0.224522933677389,"Phytopla1"
246,0,1.08771679175076,"Phytopla1"
247,0,0.826524858372083,"Phytopla1"
248,0,1.04208645550766,"Phytopla1"
249,3.3322045101752,0.715519605847194,"Phytopla1"
250,3.15090284128199,0.746670239377218,"Phytopla1"
251,-2.27841473206623,-0.26531294430608,"Phytopla1"
252,NA,0.479146318003789,"Phytopla1"
253,NA,NA,"Phytopla1"
254,0.182179094842926,NA,"Phytopla1"
255,-8.85247331692309,-3.30360379926873,"Phytopla1"
256,-4.63472898822964,-0.403668648487634,"Phytopla1"
257,1.09861228866811,1.20964652014902,"Phytopla1"
258,2.68557734525015,0.326302097179148,"Phytopla1"
259,-3.78418963391826,-0.214448809376963,"Phytopla1"
260,0,1.53514937586654,"Phytopla1"
261,0,0.881423528499759,"Phytopla1"
262,0,1.04200887987093,"Phytopla1"
263,NA,1.76510167479834,"Phytopla1"
264,NA,NA,"Phytopla1"
1,3.40119738166216,NA,"Roti1"
2,-0.0689928714869514,NA,"Roti1"
3,1.4961092271271,-1.16793747803606,"Roti1"
4,0.0392207131532813,-1.47313363767246,"Roti1"
5,-0.334934957302326,-1.45466965009549,"Roti1"
6,-0.201866152866925,-0.981070543364,"Roti1"
7,-0.617161273582023,-0.810284815680397,"Roti1"
8,-0.312374685042152,-0.475053838078127,"Roti1"
9,0.312374685042152,-0.511470030634358,"Roti1"
10,NA,-0.621805075534095,"Roti1"
11,NA,NA,"Roti1"
12,-0.810930216216329,NA,"Roti1"
13,2.27726728500976,NA,"Roti1"
14,0.790785650123861,-1.17556755458161,"Roti1"
15,-3.06805293513362,-1.19891641510141,"Roti1"
16,-1.38629436111989,0.408882691625293,"Roti1"
17,1.6094379124341,1.07060545100179,"Roti1"
18,2.12823170584927,-0.0656563155157218,"Roti1"
19,-0.904456274227152,-1.3097172454351,"Roti1"
20,0.424883193965266,-0.541387127210261,"Roti1"
21,NA,-0.47683145831853,"Roti1"
22,NA,NA,"Roti1"
23,4.06044301054642,NA,"Roti1"
24,-1.57553636075842,NA,"Roti1"
25,2.73544917529032,-0.909294752276695,"Roti1"
26,-2.44776710283854,-1.48110510586528,"Roti1"
27,-1.38629436111989,-0.590887366249101,"Roti1"
28,0,0.249554349798335,"Roti1"
29,-1.38629436111989,0.11234201914035,"Roti1"
30,0,1.1189895475,"Roti1"
31,3.2188758248682,0.904253747680475,"Roti1"
32,NA,-0.989212255427868,"Roti1"
33,NA,NA,"Roti1"
34,-1.55600283097807,NA,"Roti1"
35,-2.32727770558442,NA,"Roti1"
36,1.44691898293633,-0.110980522653508,"Roti1"
37,-2.14006616349627,-0.695097303328048,"Roti1"
38,-0.182321556793955,-0.121538142668662,"Roti1"
39,0.78845736036427,0.0567203216580305,"Roti1"
40,-2.39789527279837,-0.338267168367903,"Roti1"
41,1.38629436111989,1.03279151168143,"Roti1"
42,2.01490302054226,0.144362004206876,"Roti1"
43,NA,-1.14757532016684,"Roti1"
44,NA,NA,"Roti1"
45,0.367724780125317,NA,"Roti1"
46,-0.550046336919272,NA,"Roti1"
47,0.125163142954006,-0.659535918039382,"Roti1"
48,0.0571584138399486,-0.543809983621575,"Roti1"
49,-2.89037175789616,-0.34353595685455,"Roti1"
50,2.19722457733622,0.826967084706678,"Roti1"
51,-0.405465108108164,-0.186405867694609,"Roti1"
52,-1.79175946922805,-0.18014266187632,"Roti1"
53,3.46573590279973,0.972268908895073,"Roti1"
54,NA,-0.915163383476617,"Roti1"
55,NA,NA,"Roti1"
56,3.2188758248682,NA,"Roti1"
57,2.01223279198639,NA,"Roti1"
58,-0.75377180237638,-2.03679402961712,"Roti1"
59,0.710048991362549,-1.07304617043131,"Roti1"
60,-0.68757613551049,-1.18797180276459,"Roti1"
61,0.320471895274772,-0.93066500527376,"Roti1"
62,0.0849932128333925,-0.905512617145618,"Roti1"
63,-0.109484232841688,-1.02414214377727,"Roti1"
64,-1.29928298413026,-0.991919984981211,"Roti1"
65,NA,-0.480270922283438,"Roti1"
66,NA,NA,"Roti1"
67,-2.79506157809184,NA,"Roti1"
68,0.897941593205959,NA,"Roti1"
69,2.29701404794459,-0.870255789570769,"Roti1"
70,-2.5018084605906,-1.96464747103959,"Roti1"
71,-1.58696505658204,-0.612317827882195,"Roti1"
72,0.510825623765991,0.161017465119821,"Roti1"
73,-1.32175583998232,-0.547656219425506,"Roti1"
74,0,0.0567564375107899,"Roti1"
75,0.693147180559945,-0.0531837806974177,"Roti1"
76,NA,-0.403426563550469,"Roti1"
77,NA,NA,"Roti1"
78,4.29045944114839,NA,"Roti1"
79,0.294508037522181,NA,"Roti1"
80,-1.94591014905531,-1.58983221807294,"Roti1"
81,0,-0.373585223409207,"Roti1"
82,-0.559615787935423,-0.493277664217759,"Roti1"
83,1.21639532432449,-0.442311004563433,"Roti1"
84,-3.29583686600433,-0.873380320582708,"Roti1"
85,1.09861228866811,0.957066175127451,"Roti1"
86,1.6094379124341,0.423394916526354,"Roti1"
87,NA,-0.829549178937107,"Roti1"
88,NA,NA,"Roti1"
89,2.07944154167984,NA,"Roti1"
90,0.45953232937844,NA,"Roti1"
91,-0.54654370636807,-0.990046987539755,"Roti1"
92,2.17681570570501,-0.505614892324823,"Roti1"
93,-1.04835045388722,-1.5432578975019,"Roti1"
94,-3.120895416508,-0.810613481659319,"Roti1"
95,0,0.63184711693116,"Roti1"
96,0.847297860387204,0.508104010613398,"Roti1"
97,0.251314428280906,-0.190727391988969,"Roti1"
98,NA,-0.449080327605364,"Roti1"
99,NA,NA,"Roti1"
100,0.944461608840852,NA,"Roti1"
101,2.76211742237249,NA,"Roti1"
102,-2.81927583621243,-1.7074795099315,"Roti1"
103,1.35644139797021,-0.304894703068297,"Roti1"
104,-2.39789527279837,-0.422163459197947,"Roti1"
105,-0.693147180559945,0.285451236972408,"Roti1"
106,-1.09861228866811,0.48948988697831,"Roti1"
107,1.94591014905531,0.653019201373406,"Roti1"
108,-0.559615787935423,-0.470767058780274,"Roti1"
109,NA,-0.217609843215526,"Roti1"
110,NA,NA,"Roti1"
111,-2.19722457733622,NA,"Roti1"
112,-1.89711998488588,NA,"Roti1"
113,1.99243016469021,0.725269837530135,"Roti1"
114,-1.48160454092422,-0.725564141643492,"Roti1"
115,0.470003629245736,-0.129929301317753,"Roti1"
116,-2.07944154167984,-0.231415952659013,"Roti1"
117,0.693147180559945,0.691490887214721,"Roti1"
118,1.09861228866811,0.409149035994278,"Roti1"
119,0,-0.346588415692431,"Roti1"
120,NA,-0.343231939985821,"Roti1"
121,NA,NA,"Roti1"
122,-0.133531392624523,NA,"Roti1"
123,-0.847297860387204,NA,"Roti1"
124,-0.405465108108164,-0.297925970521796,"Roti1"
125,-1.09861228866811,-0.438241610617592,"Roti1"
126,-1.79175946922805,-0.0324094022501395,"Roti1"
127,1.09861228866811,1.12002009096759,"Roti1"
128,-1.09861228866811,0.399032694384342,"Roti1"
129,2.30258509299405,0.80000223252691,"Roti1"
130,-0.22314355131421,-0.424708932410207,"Roti1"
131,NA,-0.346573636828431,"Roti1"
132,NA,NA,"Roti1"
133,-1.2176716486841,NA,"Roti1"
134,-1.28785428830664,NA,"Roti1"
135,0.693147180559945,0.131893780108417,"Roti1"
136,0.723918839226699,-0.518022726211265,"Roti1"
137,-1.19392246847243,-0.896416131906976,"Roti1"
138,-2.30258509299405,-0.290992789192357,"Roti1"
139,0,1.03521949858835,"Roti1"
140,1.79175946922805,0.905549394576773,"Roti1"
141,0.154150679827258,-0.326147340159703,"Roti1"
142,NA,-0.275775395654458,"Roti1"
143,NA,NA,"Roti1"
144,2.70805020110221,NA,"Roti1"
145,-0.510825623765991,NA,"Roti1"
146,1.17007125265025,-0.449629433541088,"Roti1"
147,0.791587253373198,-0.760326655590664,"Roti1"
148,-0.547965170715447,-1.26613633266297,"Roti1"
149,-1.66500776358891,-0.822756859313209,"Roti1"
150,-1.94591014905531,-0.0262974884640464,"Roti1"
151,2.30258509299405,0.808120074695616,"Roti1"
152,-0.510825623765991,-0.434388753380718,"Roti1"
153,NA,-0.307870375241191,"Roti1"
154,NA,NA,"Roti1"
155,0.510825623765991,NA,"Roti1"
156,-1.04982212449868,NA,"Roti1"
157,-1.02961941718116,-0.222817633233123,"Roti1"
158,-1.6094379124341,-0.021318753517664,"Roti1"
159,1.09861228866811,0.758752979668864,"Roti1"
160,-1.09861228866811,0.248028803910761,"Roti1"
161,0.693147180559945,0.558045750701051,"Roti1"
162,1.25276296849537,0.282277090895462,"Roti1"
163,0.251314428280906,-0.578741922119339,"Roti1"
164,NA,-0.610923257314684,"Roti1"
165,NA,NA,"Roti1"
166,1.58240924004618,NA,"Roti1"
167,-0.552789822865023,NA,"Roti1"
168,0.389464766761723,-1.05492102624356,"Roti1"
169,-1.23676262714893,-1.15612205261271,"Roti1"
170,-0.117783035656384,-0.659768642639444,"Roti1"
171,-2.77258872223978,-0.480979212222076,"Roti1"
172,0,0.833259598183676,"Roti1"
173,1.09861228866811,0.804774284238304,"Roti1"
174,0.847297860387204,-0.124370974790407,"Roti1"
175,NA,-0.506216752664907,"Roti1"
176,NA,NA,"Roti1"
177,0,NA,"Roti1"
178,3.09104245335832,NA,"Roti1"
179,-1.48160454092422,-1.06598945963254,"Roti1"
180,-0.22314355131421,-0.136438292474526,"Roti1"
181,-1.38629436111989,0.472838284085757,"Roti1"
182,0,0.884760224350051,"Roti1"
183,1.38629436111989,0.901842191082918,"Roti1"
184,2.22462355152433,-0.201627237315745,"Roti1"
185,-3.61091791264422,-1.042082696466,"Roti1"
186,NA,0.756879663635435,"Roti1"
187,NA,NA,"Roti1"
188,0,NA,"Roti1"
189,1.6094379124341,NA,"Roti1"
190,-1.6094379124341,-0.215242939361181,"Roti1"
191,1.38629436111989,0.635620392567948,"Roti1"
192,-1.38629436111989,0.0666283602845773,"Roti1"
193,2.484906649788,0.66466814009289,"Roti1"
194,-0.405465108108164,-0.597848980163188,"Roti1"
195,-2.07944154167984,-0.455069583619157,"Roti1"
196,0,0.990786299319636,"Roti1"
197,NA,0.753327545392831,"Roti1"
198,NA,NA,"Roti1"
199,0.693147180559945,NA,"Roti1"
200,-1.38629436111989,NA,"Roti1"
201,0,0.592038591193198,"Roti1"
202,0,0.767010699384594,"Roti1"
203,0,0.834400578116595,"Roti1"
204,1.79175946922805,0.55696063623934,"Roti1"
205,0,-0.247007915884439,"Roti1"
206,-1.79175946922805,-0.261524122779891,"Roti1"
207,0,0.826586652901281,"Roti1"
208,NA,0.66830561410239,"Roti1"
209,NA,NA,"Roti1"
210,0.154150679827258,NA,"Roti1"
211,0.356674943938732,NA,"Roti1"
212,-2.30258509299405,-0.177463356172861,"Roti1"
213,1.09861228866811,0.765969566428411,"Roti1"
214,-1.09861228866811,0.463830315147392,"Roti1"
215,0,0.717566314445118,"Roti1"
216,2.56494935746154,0.879379113684155,"Roti1"
217,-2.56494935746154,-0.462037492443905,"Roti1"
218,0,0.723015733771831,"Roti1"
219,NA,1.04968140371477,"Roti1"
220,NA,NA,"Roti1"
221,0,NA,"Roti1"
222,0,NA,"Roti1"
223,0,0.831807805576336,"Roti1"
224,0,0.747475731834095,"Roti1"
225,0,0.667996614120429,"Roti1"
226,0,0.671174367778955,"Roti1"
227,2.56494935746154,0.693085890583357,"Roti1"
228,-0.0800427076735364,-0.80807815025076,"Roti1"
229,-2.484906649788,-0.454234282648551,"Roti1"
230,NA,0.875644489345772,"Roti1"
231,NA,NA,"Roti1"
232,0,NA,"Roti1"
233,1.6094379124341,NA,"Roti1"
234,-1.6094379124341,-0.162147627160339,"Roti1"
235,1.38629436111989,0.327973768278751,"Roti1"
236,1.98100146886658,-0.311712826414395,"Roti1"
237,-0.322773392263051,-1.29090246113119,"Roti1"
238,-3.04452243772342,-0.670965035895083,"Roti1"
239,1.94591014905531,0.958782869692022,"Roti1"
240,-1.94591014905531,0.0753900679971992,"Roti1"
241,NA,0.724531424905228,"Roti1"
242,NA,NA,"Roti1"
243,2.19722457733622,NA,"Roti1"
244,-1.90954250488444,NA,"Roti1"
245,-1.38629436111989,0.1784313362796,"Roti1"
246,1.94591014905531,0.686400482358428,"Roti1"
247,-1.94591014905531,-0.36269874875497,"Roti1"
248,0,0.678562046979631,"Roti1"
249,1.94591014905531,0.693210212459678,"Roti1"
250,1.79175946922805,-0.727522477220442,"Roti1"
251,-3.73766961828337,-1.17911935615788,"Roti1"
252,NA,0.741442149726522,"Roti1"
253,NA,NA,"Roti1"
254,0,NA,"Roti1"
255,0,NA,"Roti1"
256,1.09861228866811,0.71325398801779,"Roti1"
257,-1.09861228866811,-0.0769362831825346,"Roti1"
258,0,0.579213761138717,"Roti1"
259,0,0.94303558593198,"Roti1"
260,1.09861228866811,0.464846849145966,"Roti1"
261,-1.09861228866811,0.0839263931438984,"Roti1"
262,0,0.634440081858363,"Roti1"
263,NA,0.665430515983039,"Roti1"
264,NA,NA,"Roti1"
1,-0.715288306437159,NA,"Zoopla1"
2,1.22465300956347,NA,"Zoopla1"
3,-0.756516794492535,NA,"Zoopla1"
4,1.94457414351257,NA,"Zoopla1"
5,-0.34452597142831,-0.30365001616665,"Zoopla1"
6,1.18473228316944,0.0789934299750936,"Zoopla1"
7,-0.30690783212308,-0.689638249080503,"Zoopla1"
8,-0.23795863709935,-0.369641793669824,"Zoopla1"
9,-0.259879791139829,-0.647761687550524,"Zoopla1"
10,NA,-0.557804722009385,"Zoopla1"
11,NA,NA,"Zoopla1"
12,-0.747560602283739,NA,"Zoopla1"
13,-0.593063722002963,NA,"Zoopla1"
14,2.21816775118146,NA,"Zoopla1"
15,0.946905367693762,NA,"Zoopla1"
16,-1.30617434680954,-0.55528292647226,"Zoopla1"
17,-0.256629349110196,0.16521639526159,"Zoopla1"
18,0.347036315100964,-0.0905281425931879,"Zoopla1"
19,1.2643182246568,-0.658949155235882,"Zoopla1"
20,-1.15371722705406,-1.14983814621539,"Zoopla1"
21,NA,-0.236151201153522,"Zoopla1"
22,NA,NA,"Zoopla1"
23,0.728724055127053,NA,"Zoopla1"
24,0.864486320685291,NA,"Zoopla1"
25,-0.460316549545812,NA,"Zoopla1"
26,0.719056194175479,NA,"Zoopla1"
27,-0.0127106890807986,-1.21325800155978,"Zoopla1"
28,-1.54653968691745,-1.18352322996048,"Zoopla1"
29,-0.991901333912412,-0.595146925218645,"Zoopla1"
30,0.132518734310136,-0.379731798184452,"Zoopla1"
31,-0.144738845644912,-0.588254538305294,"Zoopla1"
32,NA,-0.288083081169502,"Zoopla1"
33,NA,NA,"Zoopla1"
34,2.76196915341232,NA,"Zoopla1"
35,0.439287574015289,NA,"Zoopla1"
36,0.149882080339704,NA,"Zoopla1"
37,0.00786631391598207,NA,"Zoopla1"
38,-1.18874490598543,-0.570634559587937,"Zoopla1"
39,-1.73245972694676,-0.470885213860982,"Zoopla1"
40,-0.48097266061631,0.106590901179728,"Zoopla1"
41,0.471840177053037,0.0631188843132519,"Zoopla1"
42,0.903363497372695,-0.10735171589707,"Zoopla1"
43,NA,-0.0169563958982716,"Zoopla1"
44,NA,NA,"Zoopla1"
45,-0.601266228730359,NA,"Zoopla1"
46,3.08512630594769,NA,"Zoopla1"
47,0.209862023730802,NA,"Zoopla1"
48,-1.23676262714893,NA,"Zoopla1"
49,-0.386637614970191,-0.258360019583207,"Zoopla1"
50,1.00071627205444,-0.556642575214156,"Zoopla1"
51,-0.790569293567414,-1.36505776591599,"Zoopla1"
52,1.09511781801834,-0.837819777952399,"Zoopla1"
53,-1.89880687297811,-1.19289926148765,"Zoopla1"
54,NA,-0.121381791680711,"Zoopla1"
55,NA,NA,"Zoopla1"
56,-0.00682596507039987,NA,"Zoopla1"
57,0.784714374085436,NA,"Zoopla1"
58,-1.1239300966524,NA,"Zoopla1"
59,3.2836547017334,NA,"Zoopla1"
60,-2.38286815639521,-0.806211667115551,"Zoopla1"
61,2.13453619548681,0.336830343498303,"Zoopla1"
62,-0.080312306550557,-1.13016568629581,"Zoopla1"
63,0.198300702100875,-0.713195065131888,"Zoopla1"
64,-0.708458880489176,-1.19964338917718,"Zoopla1"
65,NA,-0.576377315546619,"Zoopla1"
66,NA,NA,"Zoopla1"
67,1.4260346897694,NA,"Zoopla1"
68,1.66377850713418,NA,"Zoopla1"
69,-0.0786599003547814,NA,"Zoopla1"
70,-0.297712246811718,NA,"Zoopla1"
71,-1.6376087894008,-0.18047011676933,"Zoopla1"
72,0.434233178284607,0.108796931720399,"Zoopla1"
73,-0.415967830307314,-0.53688295665949,"Zoopla1"
74,1.03798766685167,-0.198678293375784,"Zoopla1"
75,-1.11803037452521,-0.532044797551641,"Zoopla1"
76,NA,0.353738829815707,"Zoopla1"
77,NA,NA,"Zoopla1"
78,-0.452583031085234,NA,"Zoopla1"
79,0.39665447842601,NA,"Zoopla1"
80,0.506391026698125,NA,"Zoopla1"
81,-0.454655352298936,NA,"Zoopla1"
82,1.20102729409618,0.19681991643049,"Zoopla1"
83,0.0589127386995522,-0.394144934289941,"Zoopla1"
84,-0.466909493729496,-0.283592568676565,"Zoopla1"
85,-0.0367902091465267,-0.207593976597187,"Zoopla1"
86,-0.450858680368527,-0.257252371343123,"Zoopla1"
87,NA,-0.199937050495033,"Zoopla1"
88,NA,NA,"Zoopla1"
89,-2.12525107771113,NA,"Zoopla1"
90,0.965080896043587,NA,"Zoopla1"
91,0.739667196194838,NA,"Zoopla1"
92,1.27840539910871,NA,"Zoopla1"
93,0.532116346574872,-1.09509155829534,"Zoopla1"
94,-1.85704176131847,-0.809626289299871,"Zoopla1"
95,-0.847297860387204,-0.350410442675096,"Zoopla1"
96,-1.09861228866811,-0.410959351219517,"Zoopla1"
97,-0.182321556793955,-0.172404088433808,"Zoopla1"
98,NA,-0.140258506912941,"Zoopla1"
99,NA,NA,"Zoopla1"
100,-0.896088024556636,NA,"Zoopla1"
101,0.693147180559945,NA,"Zoopla1"
102,1.14740245283754,NA,"Zoopla1"
103,-0.182321556793955,NA,"Zoopla1"
104,-3.96081316959758,-0.604406448811497,"Zoopla1"
105,3.59731226058845,0.560953239363257,"Zoopla1"
106,-1.45724609709218,-1.25135593882195,"Zoopla1"
107,-0.635988766719997,-0.109186882408348,"Zoopla1"
108,-1.09861228866811,0.13650557897134,"Zoopla1"
109,NA,0.754325216605064,"Zoopla1"
110,NA,NA,"Zoopla1"
111,1.02961941718116,NA,"Zoopla1"
112,1.98591548366901,NA,"Zoopla1"
113,-0.307484699747961,NA,"Zoopla1"
114,0.355340720925596,NA,"Zoopla1"
115,0.296984465114094,-0.615325568394543,"Zoopla1"
116,-1.38629436111989,-0.856214854796933,"Zoopla1"
117,-2.19722457733622,-0.522662223734027,"Zoopla1"
118,0,0.162812845983421,"Zoopla1"
119,-0.287682072451781,-0.0749712189286779,"Zoopla1"
120,NA,0.211488317515462,"Zoopla1"
121,NA,NA,"Zoopla1"
122,0.0870113769896297,NA,"Zoopla1"
123,1.36524095192206,NA,"Zoopla1"
124,0.531879032963823,NA,"Zoopla1"
125,0.55244729845681,NA,"Zoopla1"
126,-0.616985819594381,-0.725463106620982,"Zoopla1"
127,-0.158605030176639,-0.577846167184913,"Zoopla1"
128,-0.308735481649613,-0.792621853359248,"Zoopla1"
129,-2.24070968927596,-0.715532709797526,"Zoopla1"
130,0.470003629245736,0.0598967612602076,"Zoopla1"
131,NA,-0.2879141003173,"Zoopla1"
132,NA,NA,"Zoopla1"
133,-0.568849463882368,NA,"Zoopla1"
134,0.19948936041632,NA,"Zoopla1"
135,-1.01693425765384,NA,"Zoopla1"
136,2.14696274255533,NA,"Zoopla1"
137,-2.53782905124234,-1.43003554419251,"Zoopla1"
138,1.19523912435718,-0.331631799833662,"Zoopla1"
139,-0.45953232937844,-1.08552855481549,"Zoopla1"
140,-1.16315080980568,-0.597190458740938,"Zoopla1"
141,0.182321556793955,-0.429023317462235,"Zoopla1"
142,NA,-0.346137983956924,"Zoopla1"
143,NA,NA,"Zoopla1"
144,-1.43074612369072,NA,"Zoopla1"
145,-0.0953101798043249,NA,"Zoopla1"
146,0.587786664902119,NA,"Zoopla1"
147,1.96944064646551,NA,"Zoopla1"
148,-0.700929321002,-1.30503068237189,"Zoopla1"
149,-1.2966822024302,-0.62629137415441,"Zoopla1"
150,-0.121360857004267,-0.394430655196375,"Zoopla1"
151,-1.23676262714893,-0.610493144393393,"Zoopla1"
152,-1.50407739677627,-0.230462390925194,"Zoopla1"
153,NA,0.460544882385692,"Zoopla1"
154,NA,NA,"Zoopla1"
155,0,NA,"Zoopla1"
156,0.693147180559945,NA,"Zoopla1"
157,1.23214368129263,NA,"Zoopla1"
158,0.606135803570315,NA,"Zoopla1"
159,-1.48160454092422,-0.390810852328017,"Zoopla1"
160,-0.0512932943875506,0.0490890882494492,"Zoopla1"
161,0.146603474191875,-0.305396115539134,"Zoopla1"
162,-1.48160454092422,-0.428934027049853,"Zoopla1"
163,-0.22314355131421,0.195389508326054,"Zoopla1"
164,NA,0.273602845041244,"Zoopla1"
165,NA,NA,"Zoopla1"
166,-0.200670695462151,NA,"Zoopla1"
167,2.23359222150709,NA,"Zoopla1"
168,0.45953232937844,NA,"Zoopla1"
169,0.133531392624523,NA,"Zoopla1"
170,-0.164068116484604,-0.726541173145588,"Zoopla1"
171,-0.834460713626523,-0.750373227895558,"Zoopla1"
172,-1.13497993283898,-0.768024686169603,"Zoopla1"
173,-2.19722457733622,-0.449278426823442,"Zoopla1"
174,0,0.453059480050938,"Zoopla1"
175,NA,0.245141417696033,"Zoopla1"
176,NA,NA,"Zoopla1"
177,0.675128675057267,NA,"Zoopla1"
178,0.780158557549575,NA,"Zoopla1"
179,-2.99573227355399,NA,"Zoopla1"
180,1.25276296849537,NA,"Zoopla1"
181,-0.741937344729377,-0.682331778116808,"Zoopla1"
182,0.262364264467491,-0.317773851087867,"Zoopla1"
183,-0.367724780125317,-0.445836737855438,"Zoopla1"
184,-2.19722457733622,0.0755399654143859,"Zoopla1"
185,0,1.79925017598593,"Zoopla1"
186,NA,1.04280822065376,"Zoopla1"
187,NA,NA,"Zoopla1"
188,0.587786664902119,NA,"Zoopla1"
189,0.908855753386637,NA,"Zoopla1"
190,-1.20896034583698,NA,"Zoopla1"
191,0.587786664902119,NA,"Zoopla1"
192,-0.182321556793955,-0.619003838583845,"Zoopla1"
193,-0.567984037605939,-0.557612401903186,"Zoopla1"
194,-1.73460105538811,-0.41174226306866,"Zoopla1"
195,0.847297860387204,0.233497313163219,"Zoopla1"
196,-0.336472236621213,-0.3140047255673,"Zoopla1"
197,NA,0.0428144212154872,"Zoopla1"
198,NA,NA,"Zoopla1"
199,1.18958406687384,NA,"Zoopla1"
200,0.9075570519054,NA,"Zoopla1"
201,-0.824175442966349,NA,"Zoopla1"
202,0.693147180559945,NA,"Zoopla1"
203,-0.083381608939051,-0.624485189148098,"Zoopla1"
204,0.265703165733006,-0.673803252723937,"Zoopla1"
205,-1.00330210886378,-0.81113853355111,"Zoopla1"
206,0.54654370636807,-0.424977689704004,"Zoopla1"
207,-2.2512917986065,-0.738796896332477,"Zoopla1"
208,NA,0.0975563252576174,"Zoopla1"
209,NA,NA,"Zoopla1"
210,-0.248179629475535,NA,"Zoopla1"
211,0.968428739813271,NA,"Zoopla1"
212,-3.62167070442049,NA,"Zoopla1"
213,2.66722820658195,NA,"Zoopla1"
214,-0.269332933783584,-1.32030134744174,"Zoopla1"
215,-0.269663566949103,-0.811157652519272,"Zoopla1"
216,-0.370373788296894,-0.778710636832321,"Zoopla1"
217,-1.17007125265025,-0.353203742661403,"Zoopla1"
218,-2.19722457733622,-0.258561438723856,"Zoopla1"
219,NA,1.22633963232635,"Zoopla1"
220,NA,NA,"Zoopla1"
221,-1.41706601978664,NA,"Zoopla1"
222,1.47590651980958,NA,"Zoopla1"
223,-0.990398704027877,NA,"Zoopla1"
224,-0.0800427076735364,NA,"Zoopla1"
225,1.6094379124341,-0.371595400720335,"Zoopla1"
226,-0.762140052046897,-0.704082396738289,"Zoopla1"
227,-0.241162056816888,-0.419383910781533,"Zoopla1"
228,0.572519192771331,-0.37074172943167,"Zoopla1"
229,-2.27726728500976,-0.564692471727289,"Zoopla1"
230,NA,0.109567266486693,"Zoopla1"
231,NA,NA,"Zoopla1"
232,0.119801199812621,NA,"Zoopla1"
233,-0.693147180559945,NA,"Zoopla1"
234,-0.138150338480817,NA,"Zoopla1"
235,0.259511195485085,NA,"Zoopla1"
236,0.98794672078059,-0.738515135561061,"Zoopla1"
237,-1.83524458116779,-0.936526855449129,"Zoopla1"
238,-1.09861228866811,-0.19450406875573,"Zoopla1"
239,0.336472236621213,-0.076000295018555,"Zoopla1"
240,-1.94591014905531,-0.220332589376671,"Zoopla1"
241,NA,1.27683254934286,"Zoopla1"
242,NA,NA,"Zoopla1"
243,0.78845736036427,NA,"Zoopla1"
244,1.09861228866811,NA,"Zoopla1"
245,0.415515443961666,NA,"Zoopla1"
246,-0.301105092783922,NA,"Zoopla1"
247,-0.315081046639895,-0.333337139260322,"Zoopla1"
248,0.230523658611832,-0.449452607779003,"Zoopla1"
249,-1.04145387482816,-0.650965232297487,"Zoopla1"
250,0.847297860387204,-0.31396609695239,"Zoopla1"
251,-1.54044504094715,-0.603670777950003,"Zoopla1"
252,NA,0.0191991125952459,"Zoopla1"
253,NA,NA,"Zoopla1"
254,0.306525160253261,NA,"Zoopla1"
255,-0.71743987312899,NA,"Zoopla1"
256,-0.085522173438162,NA,"Zoopla1"
257,-0.889857474806,NA,"Zoopla1"
258,1.30715704056117,-0.682575520245758,"Zoopla1"
259,-0.399599988655766,-1.15559494547377,"Zoopla1"
260,-1.40399393821929,-0.739204858926277,"Zoopla1"
261,0.579818495252942,-0.363569700545979,"Zoopla1"
262,-0.82098055206983,-0.624829177141776,"Zoopla1"
263,NA,-0.353799455876382,"Zoopla1"
264,NA,NA,"Zoopla1"
1,0.835962812377901,NA,"Mp1"
2,0.578218534501669,0.263523012660899,"Mp1"
3,0.098938273183482,-0.0553742766770223,"Mp1"
4,-0.254939520294943,-0.00030884228866879,"Mp1"
5,0.239114735990691,-0.0375363904524649,"Mp1"
6,-0.345916953054188,-0.00485835159226453,"Mp1"
7,0.0440988559757491,0.0407304487578856,"Mp1"
8,0.0422360072575679,-0.0292590034810866,"Mp1"
9,0.0471213837547228,-0.0284932103970756,"Mp1"
10,NA,-0.0133282336497393,"Mp1"
11,NA,NA,"Mp1"
12,0.378726255033711,NA,"Mp1"
13,0.0836069659007795,-0.0264340477089929,"Mp1"
14,0.127280405184977,-0.0377414530150938,"Mp1"
15,-0.0219692490832718,-0.0158313271793112,"Mp1"
16,-0.00556856326029345,-0.12773567419266,"Mp1"
17,-0.0693598937536297,-0.0254354463225406,"Mp1"
18,-0.0875120790398305,0.00167117716257131,"Mp1"
19,0.00651128753725713,0.0420148845631823,"Mp1"
20,-0.0952582601045095,0.00614671477190358,"Mp1"
21,NA,0.0421938319621044,"Mp1"
22,NA,NA,"Mp1"
23,0.666856485254789,NA,"Mp1"
24,0.807509070239713,0.292958085591588,"Mp1"
25,0.210405697163645,0.0436609864105023,"Mp1"
26,0.0273889678151341,-0.0774829791332876,"Mp1"
27,0.110713597489791,-0.00698511947311716,"Mp1"
28,-0.250646664023149,0.0172617067616288,"Mp1"
29,0.0455590478092146,-0.00113489964045464,"Mp1"
30,0.0482999034260055,-0.07789914025244,"Mp1"
31,-0.256609448253394,-0.0414385718305783,"Mp1"
32,NA,0.0396190379953572,"Mp1"
33,NA,NA,"Mp1"
34,0.731404061709276,NA,"Mp1"
35,0.407801913855664,0.192397658330798,"Mp1"
36,0.0250539209484229,0.0788402557202569,"Mp1"
37,-0.025053920931983,-0.0588367448658489,"Mp1"
38,0.0543128834723679,0.00460886493845369,"Mp1"
39,0.12200326059407,-0.011478227079678,"Mp1"
40,-0.0346235034511902,-0.013604458182141,"Mp1"
41,-3.64646091106633e-11,-0.0659578886463002,"Mp1"
42,-0.167390426347396,-0.0288037068658716,"Mp1"
43,NA,0.00196833601806782,"Mp1"
44,NA,NA,"Mp1"
45,0.466667910170036,NA,"Mp1"
46,0.00743055874682163,0.17845357462862,"Mp1"
47,0.270734412386877,0.0382853622063967,"Mp1"
48,-0.241552300732947,-0.0428431951186111,"Mp1"
49,0.0559273492927705,-0.00948108160923396,"Mp1"
50,-0.219614295569796,-0.0522350697029392,"Mp1"
51,0.0812927078078616,-0.00188847292217487,"Mp1"
52,-0.0398205181858789,0.0137912978549072,"Mp1"
53,-0.120752992499054,-0.0539634981340462,"Mp1"
54,NA,0.103502936839361,"Mp1"
55,NA,NA,"Mp1"
56,1.49964841131537,NA,"Mp1"
57,0.367334479082208,0.519901295784766,"Mp1"
58,0.19851242125454,0.217980737032416,"Mp1"
59,0.0353768762572017,0.0535396955626814,"Mp1"
60,0.0172299231231844,0.0643474630306653,"Mp1"
61,0.0253007254918553,0.00162380580576125,"Mp1"
62,-2.39869235588265e-11,0.0120795345657912,"Mp1"
63,5.99897909124158e-12,0.0235810591445288,"Mp1"
64,-0.0960766293005782,0.155474731507222,"Mp1"
65,NA,0.109375683505623,"Mp1"
66,NA,NA,"Mp1"
67,2.59059178796061,NA,"Mp1"
68,0.444610917756445,0.639070876632704,"Mp1"
69,0.247562078641658,0.381487864571563,"Mp1"
70,0.157486796387241,0.34437784089231,"Mp1"
71,0.136026196405642,0.219034907131795,"Mp1"
72,-0.189469132946058,0.14860394280189,"Mp1"
73,0.19851242119707,0.109453397282578,"Mp1"
74,0.0611116983755347,0.0459704949175982,"Mp1"
75,-0.227216876655053,-0.0203929120436702,"Mp1"
76,NA,0.0488067335084222,"Mp1"
77,NA,NA,"Mp1"
78,1.48024901685435,NA,"Mp1"
79,0.561659128963269,0.481317654405131,"Mp1"
80,0.149412355234085,0.357394396034589,"Mp1"
81,0.222995501896214,0.102185582348375,"Mp1"
82,0.18837368242362,0.0488689636652133,"Mp1"
83,-0.402159319973665,0.024236265929551,"Mp1"
84,-0.0565761722328041,0.0739694686332001,"Mp1"
85,0.0473663079032889,-0.0117407816976523,"Mp1"
86,-0.0970882214395796,-0.0223589940360092,"Mp1"
87,NA,0.120002418920281,"Mp1"
88,NA,NA,"Mp1"
89,0.294232412172457,NA,"Mp1"
90,0.501173611706222,0.228193781173844,"Mp1"
91,0.132982640006716,0.0484575587669515,"Mp1"
92,-0.0436305931665915,-0.02235141135674,"Mp1"
93,-0.0772346031531517,-0.0512923090149647,"Mp1"
94,0.0159315142744294,-0.0553551797717626,"Mp1"
95,-0.130667966960241,-0.0398439216822819,"Mp1"
96,0.0779345238136689,-0.0698082750205942,"Mp1"
97,-0.182254914562748,-0.00693642812813697,"Mp1"
98,NA,-0.0447757487006874,"Mp1"
99,NA,NA,"Mp1"
100,0.0334927487811134,NA,"Mp1"
101,0.325178384914033,0.331134800441625,"Mp1"
102,0.180892871734686,0.19247348541815,"Mp1"
103,-0.026832841411187,-0.0136493532446534,"Mp1"
104,-0.130544289249305,0.0224911541918015,"Mp1"
105,0.0746169399558973,-0.00830183607949136,"Mp1"
106,0.0213409721042009,-0.0573418435583427,"Mp1"
107,-0.0654398280935891,-0.0368959495222965,"Mp1"
108,-0.0151426273196634,0.00863295531475685,"Mp1"
109,NA,-0.0417772533592837,"Mp1"
110,NA,NA,"Mp1"
111,0.846346611801802,NA,"Mp1"
112,0.356460788246723,0.271321144511731,"Mp1"
113,0.166496515649559,0.0551187010615427,"Mp1"
114,0.191901081600621,0.0495196185439548,"Mp1"
115,0.0551969625143891,-0.0182415818510293,"Mp1"
116,0,-0.0281911176840047,"Mp1"
117,-0.0166614983953201,0.0805503681835935,"Mp1"
118,0.0411445231474699,-0.0734070282234747,"Mp1"
119,-0.152083592743398,-0.0480065395669294,"Mp1"
120,NA,-0.0160278251035514,"Mp1"
121,NA,NA,"Mp1"
122,0.228685834794531,NA,"Mp1"
123,0.276107164055706,0.370106074073198,"Mp1"
124,0.183201990177147,0.059462472967911,"Mp1"
125,0.0329317556396365,0.0631647483537259,"Mp1"
126,-0.0377260883439619,0.00552431166776521,"Mp1"
127,0.109159518672751,0.0537950117005367,"Mp1"
128,-0.0485575128480854,-0.0296576347253909,"Mp1"
129,-0.0510362164105753,-0.05759399968135,"Mp1"
130,-0.0487711239851262,-0.0411368837110658,"Mp1"
131,NA,-0.0199004973651359,"Mp1"
132,NA,NA,"Mp1"
133,0.12220229541855,NA,"Mp1"
134,1.03038599445136,0.501432201065761,"Mp1"
135,0.15203725882223,0.232752318626697,"Mp1"
136,0.142191481855864,0.222051531443302,"Mp1"
137,-0.228049530083064,0.0938586170486381,"Mp1"
138,0.315842276547315,0.0829093252984536,"Mp1"
139,-0.0380708328679884,0.0106107466730648,"Mp1"
140,0.0565761721932239,-0.0491593039613661,"Mp1"
141,-0.272277558969477,0.0273117898212113,"Mp1"
142,NA,0.0776149142749594,"Mp1"
143,NA,NA,"Mp1"
144,0.387090032803169,NA,"Mp1"
145,0.6744281314587,0.402854695241385,"Mp1"
146,0.166942271614463,0.163846884069409,"Mp1"
147,0.188605583910309,0.0940077559290823,"Mp1"
148,-0.121705922570143,0.153447352567493,"Mp1"
149,0.0893573910405127,0.0273221271057041,"Mp1"
150,-0.0540379973124776,-0.0540985515857605,"Mp1"
151,-0.102219055068201,-0.0531194006819579,"Mp1"
152,0.0952542685913166,-0.00300432916460317,"Mp1"
153,NA,-0.0431960615883039,"Mp1"
154,NA,NA,"Mp1"
155,1.32263650934791,NA,"Mp1"
156,0.983027539234422,0.619295872487571,"Mp1"
157,0.123767144588625,0.384998423408292,"Mp1"
158,0.0380708328679873,0.0043303751458442,"Mp1"
159,0.00929547499979244,-0.0434941306444841,"Mp1"
160,-0.00929547499979252,0.0183284416097024,"Mp1"
161,0.0456366833766025,-0.0124912561879472,"Mp1"
162,0.0689452852964512,-0.047305765135986,"Mp1"
163,-0.133436222507866,0.00312338534704074,"Mp1"
164,NA,0.0364077021658885,"Mp1"
165,NA,NA,"Mp1"
166,0.756095454874184,NA,"Mp1"
167,1.07263680226485,0.456276263039223,"Mp1"
168,0.166774833055655,0.52604157125048,"Mp1"
169,0.126111459762866,0.421570983067693,"Mp1"
170,0,0.264376159543528,"Mp1"
171,0.126993479291829,0.205866359613036,"Mp1"
172,0.0147975473101102,0.0105078037532947,"Mp1"
173,-0.176229691656484,0.0855095753448915,"Mp1"
174,0.067730687741796,0.0853632135158218,"Mp1"
175,NA,0.149625206694421,"Mp1"
176,NA,NA,"Mp1"
177,NA,NA,"Mp1"
178,0.0468419083669202,NA,"Mp1"
179,0.0972028603018054,-0.0544051155287643,"Mp1"
180,-0.125768070146889,-0.114023603755675,"Mp1"
181,-0.0444385912448099,-0.0931575524993458,"Mp1"
182,-0.133488116631875,-0.116297207354236,"Mp1"
183,-0.114499527997075,-0.0918304325356739,"Mp1"
184,-0.0860942369909547,-0.0301972534742113,"Mp1"
185,-0.123697466296059,-0.0204987013223584,"Mp1"
186,NA,-0.085243237497477,"Mp1"
187,NA,NA,"Mp1"
188,NA,NA,"Mp1"
189,0.0765177550887306,NA,"Mp1"
190,0.0242578947137097,-0.0954871554461069,"Mp1"
191,-0.0746137570794676,-0.110719933191662,"Mp1"
192,-0.0967572939506325,-0.113043988341174,"Mp1"
193,-0.17739224340129,-0.0650253544898991,"Mp1"
194,-0.33728778648292,-0.0628884883823182,"Mp1"
195,-0.048762968455471,-0.0684243489697264,"Mp1"
196,-0.0512632368273246,-0.0761539431466297,"Mp1"
197,NA,-0.0791726030629517,"Mp1"
198,NA,NA,"Mp1"
199,NA,NA,"Mp1"
200,0.0242848262647541,NA,"Mp1"
201,0.249909446590207,-0.012800220425903,"Mp1"
202,0.00310964862810549,-0.0790963442884589,"Mp1"
203,-0.0379696331890797,-0.131596284383662,"Mp1"
204,-0.187443008199316,-0.0626996539883712,"Mp1"
205,-0.155396203886765,-0.0816975790421861,"Mp1"
206,0.0268978023198955,-0.16733273059755,"Mp1"
207,-0.0639253569554475,-0.17607580809354,"Mp1"
208,NA,-0.114406681791066,"Mp1"
209,NA,NA,"Mp1"
210,NA,NA,"Mp1"
211,0.319682987573269,NA,"Mp1"
212,0.135567513542735,0.0663817660718269,"Mp1"
213,-0.152461709697294,-0.0567453692642726,"Mp1"
214,-0.214548157974343,0.048578515402348,"Mp1"
215,-0.119473653134292,-0.0364900408096898,"Mp1"
216,-0.108821093284179,-0.0188420862036167,"Mp1"
217,-0.0452238391734486,0.10775217280391,"Mp1"
218,0.0452238391734486,-0.0534844932695699,"Mp1"
219,NA,-0.039360992745395,"Mp1"
220,NA,NA,"Mp1"
221,NA,NA,"Mp1"
222,0.064512890298544,NA,"Mp1"
223,0.242109046079626,0.0192024009846918,"Mp1"
224,-0.0190423912243736,-0.0930600434798212,"Mp1"
225,-0.0472380012034559,0.0678297766694545,"Mp1"
226,-0.354236311124618,-0.0807555089446018,"Mp1"
227,0.00572804865511733,-0.0963178772486218,"Mp1"
228,-0.134282351765191,-0.0578097791370894,"Mp1"
229,0.116998824401969,-0.00628612572424791,"Mp1"
230,NA,-0.042949988823588,"Mp1"
231,NA,NA,"Mp1"
232,NA,NA,"Mp1"
233,0.601478133296332,NA,"Mp1"
234,0.174781103147878,-0.00729204263408136,"Mp1"
235,-0.227053258246627,-0.0983506808186435,"Mp1"
236,-0.25020346603513,-0.0476817812689253,"Mp1"
237,0.0746739240137142,-0.00932729187244431,"Mp1"
238,-0.0833259939062907,0.0503258662768157,"Mp1"
239,-0.180446360911623,-0.0356418700857557,"Mp1"
240,-0.0869356853573035,0.0251277711126937,"Mp1"
241,NA,-0.0384307995710545,"Mp1"
242,NA,NA,"Mp1"
243,NA,NA,"Mp1"
244,0.154085026411617,NA,"Mp1"
245,0.129163980833872,-0.016648307805395,"Mp1"
246,0.0547320694953493,0.0699203486676801,"Mp1"
247,-0.037570158663963,-0.04151007209193,"Mp1"
248,-0.0704889218289299,-0.0518042037903061,"Mp1"
249,-0.0758369698363278,-0.0616809103956745,"Mp1"
250,-0.237926299803717,-0.0775952327507386,"Mp1"
251,-0.0779210220102353,-0.0310392775756697,"Mp1"
252,NA,-0.111574645612689,"Mp1"
253,NA,NA,"Mp1"
254,NA,NA,"Mp1"
255,0.60250113525612,NA,"Mp1"
256,0.184711540786061,0.00900314447133228,"Mp1"
257,0.230691537312236,0.0402656646017412,"Mp1"
258,-0.256981169140093,-0.00375350610071968,"Mp1"
259,0.0262896318278581,-0.00225492791284677,"Mp1"
260,-0.138957906591158,-0.00397236534489794,"Mp1"
261,0.189550384628792,0.093750872773121,"Mp1"
262,0.0940985208053673,-0.0130270312658729,"Mp1"
263,NA,0.00179367267533174,"Mp1"
264,NA,NA,"Mp1"
1,-1.22050210627715,-1.40873497731481,"Det1"
2,0.367724780125317,-0.104186824514536,"Det1"
3,-1.87180217690159,-0.898691262704317,"Det1"
4,0.405465108108164,0.699126997827616,"Det1"
5,0.405465108108164,0.610171946634768,"Det1"
6,1.02165124753198,0.0346076724699664,"Det1"
7,0.392042087776024,-0.650781167491503,"Det1"
8,-0.971860583028966,-1.14843286739716,"Det1"
9,0,-0.22772236916948,"Det1"
10,NA,-0.394544102682258,"Det1"
11,NA,NA,"Det1"
12,-0.544727175441672,-1.27577586178193,"Det1"
13,-0.534082485930258,-0.704136545897034,"Det1"
14,0.111225635110224,-0.329261051995579,"Det1"
15,-0.305381649551182,-0.54008526695711,"Det1"
16,-0.0741079721537218,-0.466316603246865,"Det1"
17,0.207639364778245,-0.57236537977128,"Det1"
18,0.661398482245365,-0.600917120786339,"Det1"
19,0.372675285285174,-0.982646397192327,"Det1"
20,-0.474457979595116,-1.41987549510227,"Det1"
21,NA,-0.897874871684982,"Det1"
22,NA,NA,"Det1"
23,0.182321556793955,0.301298683044435,"Det1"
24,1.04145387482816,0.717366280703205,"Det1"
25,0.950976289862045,-0.443016642605985,"Det1"
26,-1.99243016469021,-0.964799668044352,"Det1"
27,-0.182321556793955,0.359051237619125,"Det1"
28,0.336472236621213,0.0653099439683156,"Det1"
29,-0.336472236621213,-0.027292179123495,"Det1"
30,-0.510825623765991,-0.101052509491659,"Det1"
31,-1.09861228866811,0.268109965507221,"Det1"
32,NA,1.37740572351735,"Det1"
33,NA,NA,"Det1"
34,0.143100843640673,-0.6994898573929,"Det1"
35,-0.628608659422374,-0.68538902110817,"Det1"
36,-1.67397643357167,-0.463243932179952,"Det1"
37,0.510825623765991,0.682490847965075,"Det1"
38,1.09861228866811,0.133517454971216,"Det1"
39,-0.510825623765991,-0.621120198346965,"Det1"
40,0.980829253011726,-0.418643481634978,"Det1"
41,-1.38629436111989,-1.4937649239909,"Det1"
42,-1.79175946922805,-0.143919025582476,"Det1"
43,NA,1.28183716841039,"Det1"
44,NA,NA,"Det1"
45,-1.145132304303,-0.66266025881843,"Det1"
46,-0.559615787935423,-0.0638947678823176,"Det1"
47,-0.133531392624523,0.289510985011607,"Det1"
48,-0.847297860387204,0.130103700753974,"Det1"
49,1.89711998488588,0.725250405847197,"Det1"
50,-0.916290731874155,-0.672730707723382,"Det1"
51,0.810930216216329,0.24918452940959,"Det1"
52,0.543615446588982,-0.615319920600708,"Det1"
53,0.0317486983145803,-1.45973733300434,"Det1"
54,NA,-0.86711874655894,"Det1"
55,NA,NA,"Det1"
56,0.438913042175704,-0.691213289704955,"Det1"
57,-0.569533224592769,-2.13234807610074,"Det1"
58,-3.76120011569356,-0.597727574536881,"Det1"
59,1.79175946922805,1.81508768967824,"Det1"
60,1.79175946922805,0.46611991456739,"Det1"
61,-0.538996500732687,-0.921595475189441,"Det1"
62,0.421213465076303,-0.809747760048956,"Det1"
63,-0.63252255874351,-1.03954705030259,"Det1"
64,-0.887303195000903,-0.323836005194017,"Det1"
65,NA,0.41483893108845,"Det1"
66,NA,NA,"Det1"
67,-0.794929874869888,-0.598108259291957,"Det1"
68,0.0689928714869514,0.378588746234812,"Det1"
69,-0.22314355131421,-0.201724488556301,"Det1"
70,0.980829253011726,0.0553268167116291,"Det1"
71,-0.0984400728132525,-0.735272055916699,"Det1"
72,0,-0.618622375290277,"Det1"
73,0.439366659783846,-0.387734553988267,"Det1"
74,-0.587786664902119,-0.704730326861282,"Det1"
75,-0.27443684570176,-0.277628639325263,"Det1"
76,NA,-0.0938548180388549,"Det1"
77,NA,NA,"Det1"
78,0.258861633916289,-0.698936315750323,"Det1"
79,0.541916210836022,-0.900735500560893,"Det1"
80,-0.61467556511845,-1.16595282935803,"Det1"
81,-1.07992015565596,-0.875872797381802,"Det1"
82,-1.28093384546206,-0.179762174267842,"Det1"
83,0.693147180559945,0.38199083988067,"Det1"
84,0,0.283750227881581,"Det1"
85,1.16315080980568,-0.117729291057014,"Det1"
86,-1.26851132546351,-0.859101372752856,"Det1"
87,NA,0.363506436448193,"Det1"
88,NA,NA,"Det1"
89,-3.43398720448515,-0.659169584802956,"Det1"
90,1.79175946922805,1.41945384100932,"Det1"
91,0.606135803570315,-0.0366868767079481,"Det1"
92,-0.0953101798043249,-0.690789033043038,"Det1"
93,-1.20397280432594,-0.294625352520049,"Det1"
94,1.38629436111989,0.430419058883484,"Det1"
95,-2.484906649788,-0.615974843123871,"Det1"
96,0.693147180559945,0.958595993682197,"Det1"
97,1.50407739677627,0.49809793363284,"Det1"
98,NA,-0.221788268715235,"Det1"
99,NA,NA,"Det1"
100,-2.9704144655697,-1.80983394320945,"Det1"
101,1.74919985480926,0.516769032734859,"Det1"
102,-0.302280871872934,-0.637966732189156,"Det1"
103,-0.887303195000903,-0.604276359706761,"Det1"
104,-0.336472236621213,0.170549950773713,"Det1"
105,2.07944154167984,0.336953291046851,"Det1"
106,-0.192371892647456,-1.04627048865609,"Det1"
107,-0.857450231851222,-0.379219886613025,"Det1"
108,0.496436886313891,-0.0230671534490925,"Det1"
109,NA,-0.139012999222692,"Det1"
110,NA,NA,"Det1"
111,-4.35670882668959,-1.49407940978165,"Det1"
112,0,1.72855315363162,"Det1"
113,2.89037175789616,0.846758181469071,"Det1"
114,-0.251314428280906,-0.516985259365612,"Det1"
115,-1.94591014905531,-0.404112062024649,"Det1"
116,1.25276296849537,0.651895735476776,"Det1"
117,-0.559615787935423,0.014100690241501,"Det1"
118,0.22314355131421,0.408604624464917,"Det1"
119,-0.916290731874155,0.524452544244834,"Det1"
120,NA,1.12261784925124,"Det1"
121,NA,NA,"Det1"
122,-1.38629436111989,0.902034659485567,"Det1"
123,3.66356164612965,1.36846994237206,"Det1"
124,-2.56494935746154,-1.44550263139418,"Det1"
125,0,0.498850865610937,"Det1"
126,0.287682072451781,0.387685523244976,"Det1"
127,1.65822807660353,-0.175929279549994,"Det1"
128,-1.09861228866811,-1.08708754117468,"Det1"
129,0.762140052046897,-0.460587536513514,"Det1"
130,-0.510825623765991,-0.548860061816106,"Det1"
131,NA,-0.106631470871166,"Det1"
132,NA,NA,"Det1"
133,-5.35658627467201,-2.64668066553048,"Det1"
134,2.83321334405622,1.41265257364998,"Det1"
135,0.534082485930258,-0.282897970124965,"Det1"
136,-0.969400557188104,-0.507820336451053,"Det1"
137,1.03609193168678,0.152499754112519,"Det1"
138,0.984853403311452,-0.469709624689795,"Det1"
139,-1.32779815443828,-1.56446687059837,"Det1"
140,0.374693449441411,-0.490846839945715,"Det1"
141,-0.980829253011726,-0.624145233219471,"Det1"
142,NA,0.246075530408209,"Det1"
143,NA,NA,"Det1"
144,-2.76211742237249,-0.959756933261008,"Det1"
145,1.73460105538811,0.528789954653985,"Det1"
146,-0.268263986594679,-0.686994598972472,"Det1"
147,-1.06087196068526,-0.783830780797901,"Det1"
148,2.30258509299405,0.0853744864943994,"Det1"
149,-0.0454623740767573,-1.60290791021066,"Det1"
150,-0.670157662335247,-1.54511465443706,"Det1"
151,0.0224728558520586,-0.989531342533706,"Det1"
152,-0.973449145714104,-0.88897810930527,"Det1"
153,NA,-0.268907822545038,"Det1"
154,NA,NA,"Det1"
155,0,2.11064759118043,"Det1"
156,0.693147180559945,1.93215407850063,"Det1"
157,1.38629436111989,1.15010667011449,"Det1"
158,-0.980829253011726,0.57021733946903,"Det1"
159,-1.09861228866811,1.24810840633825,"Det1"
160,4.04305126783455,1.37114710048039,"Det1"
161,-0.405465108108164,-0.634399417190523,"Det1"
162,-0.20359895524124,-0.641173912757372,"Det1"
163,-1.48807705542983,-0.234951236321554,"Det1"
164,NA,0.681019510880093,"Det1"
165,NA,NA,"Det1"
166,-2.99573227355399,-0.10478741475103,"Det1"
167,4.04305126783455,1.93741917947877,"Det1"
168,-1.96360972615471,-0.803910980447602,"Det1"
169,-0.693147180559945,0.855201762810499,"Det1"
170,1.01160091167848,1.15898653112593,"Det1"
171,1.5910887737659,0.320504282537597,"Det1"
172,0.367724780125317,-0.67955562926549,"Det1"
173,0.0859424298007246,-0.763357162062915,"Det1"
174,-1.67006253425054,-0.66565749038262,"Det1"
175,NA,0.338938265672783,"Det1"
176,NA,NA,"Det1"
177,1.00623896853709,NA,"Det1"
178,-4.53259949315326,-2.49263923108829,"Det1"
179,0,1.18850053385426,"Det1"
180,2.19722457733622,0.651895911384657,"Det1"
181,0,-0.750049942474888,"Det1"
182,-0.251314428280906,-0.763024764779139,"Det1"
183,-0.847297860387204,-0.396007111908141,"Det1"
184,1.38629436111989,0.269644950148506,"Det1"
185,-0.693147180559945,-0.336767542974114,"Det1"
186,NA,-0.122726902906765,"Det1"
187,NA,NA,"Det1"
188,0.693147180559945,NA,"Det1"
189,-5.01063529409626,-3.03353924834998,"Det1"
190,0,1.14310727403,"Det1"
191,2.63905732961526,1.16894431468007,"Det1"
192,-0.559615787935423,-0.439729403975064,"Det1"
193,-0.287682072451781,-0.35410793199747,"Det1"
194,-0.182321556793955,0.0415950815383281,"Det1"
195,0,0.374588314759043,"Det1"
196,-0.916290731874155,0.196600751499006,"Det1"
197,NA,0.633249501986343,"Det1"
198,NA,NA,"Det1"
199,-0.773189888233482,NA,"Det1"
200,-1.79175946922805,-0.182719813988315,"Det1"
201,0.693147180559945,1.82340992295298,"Det1"
202,2.14006616349627,0.846162715044854,"Det1"
203,-0.887303195000903,-1.295564282917,"Det1"
204,1.18958406687384,-0.0883875766094464,"Det1"
205,-0.362905493689368,-1.26120105684575,"Det1"
206,-0.826678573184468,-0.74244544050646,"Det1"
207,-0.336472236621213,-0.44943458880324,"Det1"
208,NA,-0.125683625324024,"Det1"
209,NA,NA,"Det1"
210,-0.749236647210989,NA,"Det1"
211,-3.95124371858143,-1.26068397945755,"Det1"
212,0,1.28315264751736,"Det1"
213,0.693147180559945,1.65794522010774,"Det1"
214,0,0.782501307224554,"Det1"
215,-0.693147180559945,0.823985304518141,"Det1"
216,1.38629436111989,1.10371790171012,"Det1"
217,1.32175583998232,0.704924876380203,"Det1"
218,0.182321556793955,-0.166854629006591,"Det1"
219,NA,-0.393901051629398,"Det1"
220,NA,NA,"Det1"
221,-0.606135803570316,NA,"Det1"
222,-1.79175946922805,0.000427215632154893,"Det1"
223,0,0.962634873070927,"Det1"
224,0,1.33366666194977,"Det1"
225,3.04452243772342,0.996658136542864,"Det1"
226,-0.965080896043587,-1.3414794028464,"Det1"
227,-1.38629436111989,-0.224722893826398,"Det1"
228,0,0.813507591763684,"Det1"
229,0.405465108108164,0.891495402705645,"Det1"
230,NA,0.30126196374442,"Det1"
231,NA,NA,"Det1"
232,-0.960895038110909,NA,"Det1"
233,-4.04305126783455,-0.864975164797835,"Det1"
234,0,1.25106588983674,"Det1"
235,3.04452243772342,1.59320736458109,"Det1"
236,0.213574100298059,-0.196392301991383,"Det1"
237,-0.262364264467491,-0.33561902798673,"Det1"
238,-0.356674943938732,-0.278937561521487,"Det1"
239,0.538996500732687,-0.282405908955855,"Det1"
240,0.693147180559945,-0.414800381111625,"Det1"
241,NA,-1.13823789512405,"Det1"
242,NA,NA,"Det1"
243,-0.510825623765991,NA,"Det1"
244,-1.09861228866811,0.847197418967215,"Det1"
245,0,1.26883671826863,"Det1"
246,3.29583686600433,1.45771615713349,"Det1"
247,0.287682072451781,-0.834715878213601,"Det1"
248,0.693147180559945,-1.15585151018267,"Det1"
249,-1.71171676155452,-1.34084198051366,"Det1"
250,0.479573080261886,-0.450223311809964,"Det1"
251,-2.35137525716348,-0.48581489822023,"Det1"
252,NA,0.590476772940653,"Det1"
253,NA,NA,"Det1"
254,-0.867323560889498,NA,"Det1"
255,-4.72738781871234,-2.61589849344584,"Det1"
256,0,1.73749602502559,"Det1"
257,3.29583686600433,2.00097169882625,"Det1"
258,0.575364144903562,-0.247018093888345,"Det1"
259,-0.575364144903562,-1.00966135078695,"Det1"
260,0.72951482473082,-0.0326035014110819,"Det1"
261,-0.528844129268669,-0.411435919997652,"Det1"
262,-0.200670695462151,-0.0741254993547034,"Det1"
263,NA,0.000246479096312924,"Det1"
264,NA,NA,"Det1"
1,-1.09861228866811,NA,"Herb1"
2,1.38629436111989,NA,"Herb1"
3,-0.693147180559945,-0.876273356278927,"Herb1"
4,0.693147180559945,-0.0101526097840465,"Herb1"
5,-0.693147180559945,-0.816486095829159,"Herb1"
6,0.405465108108164,-0.0290259406156639,"Herb1"
7,-1.09861228866811,-0.71535430146821,"Herb1"
8,0,0.289933798277862,"Herb1"
9,0,0.394380583762757,"Herb1"
10,NA,0.304532626387419,"Herb1"
11,NA,NA,"Herb1"
12,0.693147180559945,NA,"Herb1"
13,-1.79175946922805,NA,"Herb1"
14,1.6094379124341,0.52787661108662,"Herb1"
15,0,-1.00720361225467,"Herb1"
16,-0.916290731874155,-0.890040105554897,"Herb1"
17,-0.693147180559945,0.0527407273121056,"Herb1"
18,0,0.537413014328745,"Herb1"
19,0,0.378991133096134,"Herb1"
20,0,0.354762639104202,"Herb1"
21,NA,0.265354756237997,"Herb1"
22,NA,NA,"Herb1"
23,0,NA,"Herb1"
24,0,NA,"Herb1"
25,0,0.644414288016714,"Herb1"
26,0.693147180559945,0.727746147843988,"Herb1"
27,-0.693147180559945,0.3800448707264,"Herb1"
28,0,1.06865960687487,"Herb1"
29,1.09861228866811,0.73983166485997,"Herb1"
30,0.287682072451781,-0.45005324417992,"Herb1"
31,-0.693147180559945,-0.575273866028296,"Herb1"
32,NA,-0.147369949252183,"Herb1"
33,NA,NA,"Herb1"
34,0,NA,"Herb1"
35,0.693147180559945,NA,"Herb1"
36,-0.693147180559945,0.031558879802716,"Herb1"
37,0,0.660027149551692,"Herb1"
38,0,0.785559808291381,"Herb1"
39,0,0.76299038371744,"Herb1"
40,1.38629436111989,0.769487399027701,"Herb1"
41,0.22314355131421,-0.692169728587295,"Herb1"
42,-1.6094379124341,-0.690552048653037,"Herb1"
43,NA,0.723784251534591,"Herb1"
44,NA,NA,"Herb1"
45,-0.693147180559945,NA,"Herb1"
46,0.693147180559945,NA,"Herb1"
47,0.405465108108164,-0.148374373647555,"Herb1"
48,0.287682072451781,-0.428062333403572,"Herb1"
49,-0.693147180559945,-1.01000343056581,"Herb1"
50,-0.693147180559945,-0.161191465968144,"Herb1"
51,0,0.34367952138671,"Herb1"
52,0,0.248168060024468,"Herb1"
53,0,0.173247569171882,"Herb1"
54,NA,0.134514274895906,"Herb1"
55,NA,NA,"Herb1"
56,0.310154928303839,NA,"Herb1"
57,-1.32175583998232,NA,"Herb1"
58,-1.38629436111989,-1.03863124123366,"Herb1"
59,1.09861228866811,0.222621556991646,"Herb1"
60,-1.09861228866811,-0.828105666284174,"Herb1"
61,0,0.211954078426322,"Herb1"
62,0,0.107796185574944,"Herb1"
63,0,0.0918435909463099,"Herb1"
64,0,0.147109538323701,"Herb1"
65,NA,0.188903561449958,"Herb1"
66,NA,NA,"Herb1"
67,-0.405465108108164,NA,"Herb1"
68,-0.693147180559945,NA,"Herb1"
69,0,-0.0232404203968085,"Herb1"
70,0,-0.00478671311001865,"Herb1"
71,1.38629436111989,0.0923252679703246,"Herb1"
72,-1.38629436111989,-1.06903702064484,"Herb1"
73,1.09861228866811,0.217114485604894,"Herb1"
74,-1.09861228866811,-0.62095637544111,"Herb1"
75,0,0.483186344974165,"Herb1"
76,NA,0.281867816042318,"Herb1"
77,NA,NA,"Herb1"
78,0,NA,"Herb1"
79,0,NA,"Herb1"
80,0,0.249716765137171,"Herb1"
81,0,0.276397630055207,"Herb1"
82,0,0.45863384343398,"Herb1"
83,0,0.663090845334628,"Herb1"
84,0.693147180559945,0.312155225204324,"Herb1"
85,-0.693147180559945,-0.427275062884943,"Herb1"
86,0,0.236510711497449,"Herb1"
87,NA,0.289388462134773,"Herb1"
88,NA,NA,"Herb1"
89,2.39789527279837,NA,"Herb1"
90,-2.11021320034659,NA,"Herb1"
91,-1.38629436111989,-0.346699264369709,"Herb1"
92,1.79175946922805,0.978636186544621,"Herb1"
93,-1.09861228866811,-0.833022282459416,"Herb1"
94,-0.693147180559945,0.252351209901855,"Herb1"
95,1.6094379124341,1.00076407545561,"Herb1"
96,-0.510825623765991,-0.723488272324852,"Herb1"
97,-1.09861228866811,-0.124052161080597,"Herb1"
98,NA,0.76263574456764,"Herb1"
99,NA,NA,"Herb1"
100,1.43508452528932,NA,"Herb1"
101,-0.965080896043587,NA,"Herb1"
102,-2.07944154167984,-1.70125710281168,"Herb1"
103,0,0.462033629029702,"Herb1"
104,0.693147180559945,0.279917767870556,"Herb1"
105,-0.693147180559945,-0.42031689336716,"Herb1"
106,0.693147180559945,0.421740774948719,"Herb1"
107,-0.693147180559945,-0.00762698011461377,"Herb1"
108,0,0.564950096216856,"Herb1"
109,NA,0.587288637426583,"Herb1"
110,NA,NA,"Herb1"
111,1.38629436111989,NA,"Herb1"
112,0.117783035656383,NA,"Herb1"
113,-1.50407739677627,-1.74649633394651,"Herb1"
114,0.405465108108164,0.0659062225624784,"Herb1"
115,-0.405465108108164,-0.0279755943622783,"Herb1"
116,-0.693147180559945,0.379263725667185,"Herb1"
117,1.79175946922805,1.04771797743708,"Herb1"
118,0.287682072451781,-0.708643287876416,"Herb1"
119,-1.38629436111989,-0.78708072007989,"Herb1"
120,NA,0.416373775401862,"Herb1"
121,NA,NA,"Herb1"
122,2.99573227355399,NA,"Herb1"
123,-1.89711998488588,NA,"Herb1"
124,0,-0.738807998172993,"Herb1"
125,-1.09861228866811,-0.148511051096275,"Herb1"
126,0,0.884639661815572,"Herb1"
127,1.09861228866811,0.71094268433533,"Herb1"
128,0.287682072451781,-0.2453549896643,"Herb1"
129,0.559615787935423,-0.554217738031058,"Herb1"
130,-0.336472236621213,-1.06463597120332,"Herb1"
131,NA,-0.66368408036637,"Herb1"
132,NA,NA,"Herb1"
133,0,NA,"Herb1"
134,-0.693147180559945,NA,"Herb1"
135,0.693147180559945,0.0379422848507652,"Herb1"
136,-0.693147180559945,-0.525917752133989,"Herb1"
137,0,0.193338780276174,"Herb1"
138,1.38629436111989,0.13401751245239,"Herb1"
139,-1.38629436111989,-1.02762638541101,"Herb1"
140,0,0.306073340166896,"Herb1"
141,1.38629436111989,0.283193614664889,"Herb1"
142,NA,-1.09860415012835,"Herb1"
143,NA,NA,"Herb1"
144,-0.182321556793955,NA,"Herb1"
145,-0.22314355131421,NA,"Herb1"
146,-1.38629436111989,-0.957911078390474,"Herb1"
147,1.09861228866811,0.266287881765124,"Herb1"
148,-1.09861228866811,-0.525917638456848,"Herb1"
149,0,0.393912301275005,"Herb1"
150,0,0.53112393699521,"Herb1"
151,0,0.536460386232097,"Herb1"
152,0,0.377642832254462,"Herb1"
153,NA,0.496105543812502,"Herb1"
154,NA,NA,"Herb1"
155,1.38629436111989,NA,"Herb1"
156,0.22314355131421,NA,"Herb1"
157,-1.6094379124341,-1.38978552621117,"Herb1"
158,0,0.495661795243708,"Herb1"
159,0.693147180559945,0.48194249909768,"Herb1"
160,0,-0.288031392345714,"Herb1"
161,-0.693147180559945,-0.183768207462381,"Herb1"
162,0,0.419438122947614,"Herb1"
163,0,0.517483798716103,"Herb1"
164,NA,0.471031588156113,"Herb1"
165,NA,NA,"Herb1"
166,0,NA,"Herb1"
167,0,NA,"Herb1"
168,0,-0.0553248419895188,"Herb1"
169,0,0.0669385223959869,"Herb1"
170,0,0.148943991176099,"Herb1"
171,0,0.095558831457808,"Herb1"
172,1.38629436111989,0.159915543042287,"Herb1"
173,-1.38629436111989,-1.0388747481799,"Herb1"
174,0,0.22199591504011,"Herb1"
175,NA,0.267343832475625,"Herb1"
176,NA,NA,"Herb1"
177,0.510825623765991,NA,"Herb1"
178,-1.6094379124341,NA,"Herb1"
179,2.07944154167984,1.04916283413678,"Herb1"
180,-0.470003629245736,-0.771482099775933,"Herb1"
181,0.336472236621213,-0.628521316073555,"Herb1"
182,-0.336472236621213,-0.822497671105806,"Herb1"
183,-1.6094379124341,-0.628477410734365,"Herb1"
184,0,0.77504525766499,"Herb1"
185,0,0.574521083753238,"Herb1"
186,NA,0.53802618043112,"Herb1"
187,NA,NA,"Herb1"
188,-0.125163142954006,NA,"Herb1"
189,-2.01490302054226,NA,"Herb1"
190,1.25276296849537,0.554110032391847,"Herb1"
191,-0.559615787935423,-0.48604955227587,"Herb1"
192,0.693147180559945,-0.121777314154842,"Herb1"
193,-0.470003629245736,-0.933404788482771,"Herb1"
194,-1.6094379124341,-0.686681404347091,"Herb1"
195,0,0.548186892447364,"Herb1"
196,0,0.461242353893411,"Herb1"
197,NA,0.410869807887253,"Herb1"
198,NA,NA,"Herb1"
199,0.693147180559945,NA,"Herb1"
200,-0.693147180559945,NA,"Herb1"
201,1.38629436111989,1.16002288738326,"Herb1"
202,1.32175583998232,0.0806398866154804,"Herb1"
203,-1.09861228866811,-1.2685991281194,"Herb1"
204,-0.22314355131421,-0.0246853543906595,"Herb1"
205,0,-0.300215545651725,"Herb1"
206,-0.287682072451781,-0.499190096532436,"Herb1"
207,0.510825623765991,-0.238040119020532,"Herb1"
208,NA,-0.722028550535448,"Herb1"
209,NA,NA,"Herb1"
210,-0.693147180559945,NA,"Herb1"
211,1.09861228866811,NA,"Herb1"
212,0.287682072451781,-0.537316614646551,"Herb1"
213,1.44691898293633,-0.482027365962773,"Herb1"
214,-2.83321334405622,-1.90791735476152,"Herb1"
215,1.09861228866811,0.552030995967279,"Herb1"
216,-0.405465108108164,-0.583064913463177,"Herb1"
217,-0.693147180559945,-0.398473131791308,"Herb1"
218,0,0.373473759104444,"Herb1"
219,NA,0.301616843192166,"Herb1"
220,NA,NA,"Herb1"
221,-0.405465108108164,NA,"Herb1"
222,-1.38629436111989,NA,"Herb1"
223,2.07944154167984,0.772475943754174,"Herb1"
224,-2.07944154167984,-0.762017078431806,"Herb1"
225,1.09861228866811,1.13209015381775,"Herb1"
226,0.287682072451781,-0.110761746809426,"Herb1"
227,-0.693147180559945,-0.74088123355459,"Herb1"
228,-0.693147180559945,-0.0064827047658643,"Herb1"
229,0,0.534975599068684,"Herb1"
230,NA,0.630896055289677,"Herb1"
231,NA,NA,"Herb1"
232,0,NA,"Herb1"
233,-0.693147180559945,NA,"Herb1"
234,0.693147180559945,0.518195847422388,"Herb1"
235,1.09861228866811,0.18789374123755,"Herb1"
236,-1.79175946922805,-1.00837061297362,"Herb1"
237,1.09861228866811,0.386771872926386,"Herb1"
238,-1.09861228866811,-0.634238291985613,"Herb1"
239,2.19722457733622,0.287137647306144,"Herb1"
240,-2.19722457733622,-1.84069185964519,"Herb1"
241,NA,0.195861277551409,"Herb1"
242,NA,NA,"Herb1"
243,0.693147180559945,NA,"Herb1"
244,0.693147180559945,NA,"Herb1"
245,-1.38629436111989,-0.470233322017211,"Herb1"
246,0,1.19684553659103,"Herb1"
247,1.38629436111989,1.09504885239935,"Herb1"
248,0.22314355131421,-0.322647976665526,"Herb1"
249,-0.916290731874155,-0.537237300122961,"Herb1"
250,-0.693147180559945,0.184532742797168,"Herb1"
251,0,0.485097970927245,"Herb1"
252,NA,0.521087336614894,"Herb1"
253,NA,NA,"Herb1"
254,0,NA,"Herb1"
255,0,NA,"Herb1"
256,0,0.123466921753508,"Herb1"
257,0,0.413223344495842,"Herb1"
258,1.79175946922805,0.321506730768762,"Herb1"
259,-1.79175946922805,-1.56224121891259,"Herb1"
260,1.38629436111989,0.289508340972807,"Herb1"
261,-0.287682072451781,-1.07666900352162,"Herb1"
262,0.847297860387204,-0.771263780830492,"Herb1"
263,NA,-1.41669537017452,"Herb1"
264,NA,NA,"Herb1"
1,0,NA,"Pred.P1"
2,1.79175946922805,NA,"Pred.P1"
3,-0.693147180559945,NA,"Pred.P1"
4,1.54044504094715,1.00807337947164,"Pred.P1"
5,-0.154150679827258,-1.00111685608973,"Pred.P1"
6,-0.287682072451781,-0.403799910797867,"Pred.P1"
7,0.510825623765991,-0.310517445767171,"Pred.P1"
8,-0.405465108108164,0.0387370169294694,"Pred.P1"
9,0.262364264467491,-0.36721347845779,"Pred.P1"
10,NA,-0.145148972225603,"Pred.P1"
11,NA,NA,"Pred.P1"
12,1.38629436111989,NA,"Pred.P1"
13,-0.287682072451781,NA,"Pred.P1"
14,1.73460105538811,NA,"Pred.P1"
15,-1.44691898293633,-0.503496704679096,"Pred.P1"
16,-1.38629436111989,-0.209587295740165,"Pred.P1"
17,0,0.215924237759401,"Pred.P1"
18,0,0.322199306026978,"Pred.P1"
19,1.09861228866811,0.0656819577312511,"Pred.P1"
20,-1.09861228866811,-0.308958995220983,"Pred.P1"
21,NA,0.055275970018653,"Pred.P1"
22,NA,NA,"Pred.P1"
23,0,NA,"Pred.P1"
24,0,NA,"Pred.P1"
25,1.6094379124341,NA,"Pred.P1"
26,-1.6094379124341,-0.517197766408006,"Pred.P1"
27,0,0.080103531351792,"Pred.P1"
28,0,0.0051771312068993,"Pred.P1"
29,0,0.147622236339246,"Pred.P1"
30,0,0.167466628914234,"Pred.P1"
31,0,0.167466628914234,"Pred.P1"
32,NA,0.0701292928986492,"Pred.P1"
33,NA,NA,"Pred.P1"
34,0,NA,"Pred.P1"
35,0,NA,"Pred.P1"
36,0.693147180559945,NA,"Pred.P1"
37,-0.693147180559945,-0.0743048841376513,"Pred.P1"
38,0,0.0582636095353118,"Pred.P1"
39,0,0.0538696460142547,"Pred.P1"
40,0,0.067640335779712,"Pred.P1"
41,0,0.167466628914234,"Pred.P1"
42,0,0.0218976057660322,"Pred.P1"
43,NA,0.0531010526007111,"Pred.P1"
44,NA,NA,"Pred.P1"
45,0,NA,"Pred.P1"
46,0,NA,"Pred.P1"
47,2.19722457733622,NA,"Pred.P1"
48,-1.50407739677627,-0.328180465030602,"Pred.P1"
49,0.405465108108164,0.320210124966499,"Pred.P1"
50,-0.405465108108164,-0.337436891520416,"Pred.P1"
51,0.693147180559945,0.0157718646377148,"Pred.P1"
52,-1.38629436111989,-0.694643342819742,"Pred.P1"
53,0,1.11847966981524,"Pred.P1"
54,NA,0.141260914385066,"Pred.P1"
55,NA,NA,"Pred.P1"
56,0,NA,"Pred.P1"
57,1.38629436111989,NA,"Pred.P1"
58,-0.287682072451781,NA,"Pred.P1"
59,1.6094379124341,0.635838369466838,"Pred.P1"
60,-0.762140052046897,-0.783665431897951,"Pred.P1"
61,-0.559615787935423,-0.242906680622388,"Pred.P1"
62,-0.287682072451781,0.0316462358822997,"Pred.P1"
63,-1.09861228866811,-0.319701130625478,"Pred.P1"
64,0,-0.021765985314074,"Pred.P1"
65,NA,0.433976381423403,"Pred.P1"
66,NA,NA,"Pred.P1"
67,0,NA,"Pred.P1"
68,0,NA,"Pred.P1"
69,0,NA,"Pred.P1"
70,0,-0.0209403561444596,"Pred.P1"
71,0,0.0368040160283962,"Pred.P1"
72,0,0.0408545499179121,"Pred.P1"
73,0,0.124087409085585,"Pred.P1"
74,0,0.0218976057660322,"Pred.P1"
75,0,0.0218976057660322,"Pred.P1"
76,NA,0.0283766825984876,"Pred.P1"
77,NA,NA,"Pred.P1"
78,0,NA,"Pred.P1"
79,0,NA,"Pred.P1"
80,0,NA,"Pred.P1"
81,0,0.105802997452159,"Pred.P1"
82,0,0.105802997452159,"Pred.P1"
83,0,0.0311954888162515,"Pred.P1"
84,0,0.07079608449121,"Pred.P1"
85,0,0.167466628914234,"Pred.P1"
86,0,0.0312475953496575,"Pred.P1"
87,NA,0.113140260623765,"Pred.P1"
88,NA,NA,"Pred.P1"
89,0,NA,"Pred.P1"
90,0,NA,"Pred.P1"
91,0.693147180559945,NA,"Pred.P1"
92,0.405465108108164,-0.242017030912154,"Pred.P1"
93,0.287682072451781,-0.00922983010838697,"Pred.P1"
94,-0.287682072451781,0.042947363815834,"Pred.P1"
95,-1.09861228866811,-0.396694420485276,"Pred.P1"
96,0,0.547706839814301,"Pred.P1"
97,0.693147180559945,0.0730744960476477,"Pred.P1"
98,NA,-0.290210624864949,"Pred.P1"
99,NA,NA,"Pred.P1"
100,0,NA,"Pred.P1"
101,1.09861228866811,NA,"Pred.P1"
102,0.510825623765991,NA,"Pred.P1"
103,-0.916290731874155,-0.300372397776951,"Pred.P1"
104,0,0.207905295607515,"Pred.P1"
105,-0.693147180559945,-0.486139818123968,"Pred.P1"
106,0,0.809897887628954,"Pred.P1"
107,0.693147180559945,0.0777055457056375,"Pred.P1"
108,-0.693147180559945,0.0711834943118641,"Pred.P1"
109,NA,0.0474132827947034,"Pred.P1"
110,NA,NA,"Pred.P1"
111,0,NA,"Pred.P1"
112,0,NA,"Pred.P1"
113,0,NA,"Pred.P1"
114,0,0.0951129980145769,"Pred.P1"
115,0,0.019827506612474,"Pred.P1"
116,0,0.0311954888162515,"Pred.P1"
117,0,0.167466628914234,"Pred.P1"
118,0,0.0844407851217864,"Pred.P1"
119,0,0.0203859680563871,"Pred.P1"
120,NA,0.0184862556252765,"Pred.P1"
121,NA,NA,"Pred.P1"
122,0,NA,"Pred.P1"
123,0,NA,"Pred.P1"
124,0,NA,"Pred.P1"
125,0,0.121001239970114,"Pred.P1"
126,0,0.0203859680563872,"Pred.P1"
127,0,0.167466628914234,"Pred.P1"
128,0,0.0312475953496575,"Pred.P1"
129,0,0.167466628914234,"Pred.P1"
130,0,0.0516924931207918,"Pred.P1"
131,NA,0.0283766825984876,"Pred.P1"
132,NA,NA,"Pred.P1"
133,0,NA,"Pred.P1"
134,0,NA,"Pred.P1"
135,0,NA,"Pred.P1"
136,1.38629436111989,0.00270723962838157,"Pred.P1"
137,-1.38629436111989,-0.671886668867124,"Pred.P1"
138,0,0.0448250210423614,"Pred.P1"
139,0,0.0415732213122257,"Pred.P1"
140,0,0.090795042764797,"Pred.P1"
141,0,0.0203859680563872,"Pred.P1"
142,NA,0.0219720075621176,"Pred.P1"
143,NA,NA,"Pred.P1"
144,0,NA,"Pred.P1"
145,0,NA,"Pred.P1"
146,0,NA,"Pred.P1"
147,0,0.0641667118419831,"Pred.P1"
148,0,0.0205768312705478,"Pred.P1"
149,0,0.0466902198891692,"Pred.P1"
150,0,0.0241455124110611,"Pred.P1"
151,0,0.167466628914234,"Pred.P1"
152,0,0.0516924931207918,"Pred.P1"
153,NA,0.0184862556252765,"Pred.P1"
154,NA,NA,"Pred.P1"
155,0,NA,"Pred.P1"
156,0,NA,"Pred.P1"
157,0,NA,"Pred.P1"
158,0,0.019827506612474,"Pred.P1"
159,0,0.167466628914234,"Pred.P1"
160,0,0.0312475953496575,"Pred.P1"
161,0,0.167466628914234,"Pred.P1"
162,0,0.0844407851217864,"Pred.P1"
163,0,0.0241455124110611,"Pred.P1"
164,NA,0.0371031768530939,"Pred.P1"
165,NA,NA,"Pred.P1"
166,0,NA,"Pred.P1"
167,0,NA,"Pred.P1"
168,0,NA,"Pred.P1"
169,0,0.0215741601887867,"Pred.P1"
170,0,0.121001239970114,"Pred.P1"
171,0,0.144695307501039,"Pred.P1"
172,0,0.167466628914234,"Pred.P1"
173,0,0.167466628914234,"Pred.P1"
174,0,0.0312475953496575,"Pred.P1"
175,NA,0.0219720075621176,"Pred.P1"
176,NA,NA,"Pred.P1"
177,0,NA,"Pred.P1"
178,1.6094379124341,NA,"Pred.P1"
179,0.182321556793955,NA,"Pred.P1"
180,-1.79175946922805,-0.227871819339989,"Pred.P1"
181,1.09861228866811,0.0934618544658455,"Pred.P1"
182,-0.405465108108164,-0.463354472915416,"Pred.P1"
183,0,0.550984042032487,"Pred.P1"
184,0,-0.380326507738258,"Pred.P1"
185,0.693147180559945,-0.0548573517768062,"Pred.P1"
186,NA,-0.486379736978202,"Pred.P1"
187,NA,NA,"Pred.P1"
188,0.693147180559945,NA,"Pred.P1"
189,0.916290731874155,NA,"Pred.P1"
190,-0.916290731874155,NA,"Pred.P1"
191,0.405465108108164,0.103009332387693,"Pred.P1"
192,-1.09861228866811,-0.741127994847626,"Pred.P1"
193,1.6094379124341,0.939209393598314,"Pred.P1"
194,0.336472236621213,-1.32625723948491,"Pred.P1"
195,-0.847297860387204,-0.497249305908116,"Pred.P1"
196,0.693147180559945,-0.107330027880244,"Pred.P1"
197,NA,-0.584581541701167,"Pred.P1"
198,NA,NA,"Pred.P1"
199,0,NA,"Pred.P1"
200,0,NA,"Pred.P1"
201,0,NA,"Pred.P1"
202,0,0.167466628914234,"Pred.P1"
203,0,0.167466628914234,"Pred.P1"
204,0.693147180559945,0.137604974354553,"Pred.P1"
205,1.50407739677627,-0.166118310684056,"Pred.P1"
206,0.200670695462151,-0.742439457164077,"Pred.P1"
207,0,-0.559077378887753,"Pred.P1"
208,NA,-0.24188600515988,"Pred.P1"
209,NA,NA,"Pred.P1"
210,0,NA,"Pred.P1"
211,0,NA,"Pred.P1"
212,0,NA,"Pred.P1"
213,0,0.167466628914234,"Pred.P1"
214,0,0.0312475953496575,"Pred.P1"
215,0,0.167466628914234,"Pred.P1"
216,0,0.167466628914234,"Pred.P1"
217,0,0.0925223053818598,"Pred.P1"
218,0,0.167466628914234,"Pred.P1"
219,NA,0.160651958460711,"Pred.P1"
220,NA,NA,"Pred.P1"
221,-0.405465108108164,NA,"Pred.P1"
222,-0.693147180559945,NA,"Pred.P1"
223,0.693147180559945,NA,"Pred.P1"
224,-0.693147180559945,0.0805327347629748,"Pred.P1"
225,1.38629436111989,0.153804790942733,"Pred.P1"
226,-0.693147180559945,-0.275496101672433,"Pred.P1"
227,0.693147180559945,0.172908483779728,"Pred.P1"
228,-1.38629436111989,-0.508768428627693,"Pred.P1"
229,0.693147180559945,0.340687614295113,"Pred.P1"
230,NA,-0.245983272966571,"Pred.P1"
231,NA,NA,"Pred.P1"
232,0.693147180559945,NA,"Pred.P1"
233,0.405465108108164,NA,"Pred.P1"
234,0.847297860387204,NA,"Pred.P1"
235,-0.336472236621213,-0.421209995430581,"Pred.P1"
236,-0.510825623765991,-0.62594680717479,"Pred.P1"
237,0,-0.450481675961418,"Pred.P1"
238,-1.09861228866811,-0.231206679692905,"Pred.P1"
239,2.07944154167984,0.780098533714895,"Pred.P1"
240,-2.07944154167984,-0.159616796517619,"Pred.P1"
241,NA,0.45131424701062,"Pred.P1"
242,NA,NA,"Pred.P1"
243,0,NA,"Pred.P1"
244,0,NA,"Pred.P1"
245,0,NA,"Pred.P1"
246,0,0.167466628914234,"Pred.P1"
247,0,0.0241455124110611,"Pred.P1"
248,0,0.167466628914234,"Pred.P1"
249,2.07944154167984,0.0777308636494833,"Pred.P1"
250,0,-0.943105703847798,"Pred.P1"
251,0.405465108108164,-0.146255248498426,"Pred.P1"
252,NA,-0.146293995243282,"Pred.P1"
253,NA,NA,"Pred.P1"
254,0,NA,"Pred.P1"
255,0,NA,"Pred.P1"
256,1.09861228866811,NA,"Pred.P1"
257,-1.09861228866811,0.209788046588635,"Pred.P1"
258,0,0.269781970638613,"Pred.P1"
259,0,0.0783568100015796,"Pred.P1"
260,0,0.125268290024953,"Pred.P1"
261,0,0.0312475953496575,"Pred.P1"
262,1.09861228866811,0.120103576047123,"Pred.P1"
263,NA,-0.28191598554857,"Pred.P1"
264,NA,NA,"Pred.P1"
1,1.38629436111989,NA,"Pred.S1"
2,-1.38629436111989,NA,"Pred.S1"
3,0,NA,"Pred.S1"
4,1.09861228866811,0.737577474133381,"Pred.S1"
5,-1.09861228866811,-0.212734061530794,"Pred.S1"
6,1.38629436111989,0.784153406355501,"Pred.S1"
7,0.22314355131421,-0.590670011808872,"Pred.S1"
8,-1.6094379124341,-0.571511137306986,"Pred.S1"
9,0,0.604030899471508,"Pred.S1"
10,NA,0.560796626580765,"Pred.S1"
11,NA,NA,"Pred.S1"
12,0.693147180559945,NA,"Pred.S1"
13,0,NA,"Pred.S1"
14,-0.693147180559945,NA,"Pred.S1"
15,0,0.778953367321627,"Pred.S1"
16,0,0.733497805663685,"Pred.S1"
17,1.79175946922805,0.686315308537607,"Pred.S1"
18,0,-0.695818647469913,"Pred.S1"
19,-1.79175946922805,-0.606479612033977,"Pred.S1"
20,0,0.660651004781301,"Pred.S1"
21,NA,0.499710827092523,"Pred.S1"
22,NA,NA,"Pred.S1"
23,1.38629436111989,NA,"Pred.S1"
24,-1.38629436111989,NA,"Pred.S1"
25,0.693147180559945,NA,"Pred.S1"
26,-0.693147180559945,0.420324636713169,"Pred.S1"
27,1.6094379124341,0.953477568740798,"Pred.S1"
28,0,-0.126805849304077,"Pred.S1"
29,0,-0.327933315148313,"Pred.S1"
30,-0.510825623765991,-0.299210270342972,"Pred.S1"
31,-0.405465108108164,0.14917775754403,"Pred.S1"
32,NA,0.165353740519783,"Pred.S1"
33,NA,NA,"Pred.S1"
34,1.50407739677627,NA,"Pred.S1"
35,-0.251314428280906,NA,"Pred.S1"
36,-1.94591014905531,NA,"Pred.S1"
37,0.693147180559945,0.899951093057862,"Pred.S1"
38,0.916290731874155,0.259419337203122,"Pred.S1"
39,0.182321556793955,-0.283731386175736,"Pred.S1"
40,1.20397280432594,-0.309294374589497,"Pred.S1"
41,-1.89711998488588,-1.13849491538765,"Pred.S1"
42,-1.09861228866811,0.348312440665308,"Pred.S1"
43,NA,0.799763124279277,"Pred.S1"
44,NA,NA,"Pred.S1"
45,1.09861228866811,NA,"Pred.S1"
46,-0.405465108108164,NA,"Pred.S1"
47,-0.693147180559945,NA,"Pred.S1"
48,0,0.733820641775986,"Pred.S1"
49,0,0.516560968081453,"Pred.S1"
50,1.38629436111989,0.531996522188045,"Pred.S1"
51,-1.38629436111989,-0.599203567350233,"Pred.S1"
52,1.6094379124341,0.463344543075809,"Pred.S1"
53,-1.6094379124341,-0.74843303797559,"Pred.S1"
54,NA,0.433508211292836,"Pred.S1"
55,NA,NA,"Pred.S1"
56,1.38629436111989,NA,"Pred.S1"
57,-1.38629436111989,NA,"Pred.S1"
58,1.6094379124341,NA,"Pred.S1"
59,-0.916290731874155,-0.845332212143218,"Pred.S1"
60,0.916290731874155,-0.0853574047116071,"Pred.S1"
61,-0.916290731874155,-0.785775165427188,"Pred.S1"
62,-0.693147180559945,-0.00669062404911565,"Pred.S1"
63,0.693147180559945,0.408636424582101,"Pred.S1"
64,-0.693147180559945,-0.080919852982603,"Pred.S1"
65,NA,0.385109021409831,"Pred.S1"
66,NA,NA,"Pred.S1"
67,2.52572864430826,NA,"Pred.S1"
68,-2.52572864430826,NA,"Pred.S1"
69,0,NA,"Pred.S1"
70,-0.693147180559945,-0.282541618297537,"Pred.S1"
71,1.79175946922805,0.180318026052007,"Pred.S1"
72,-0.405465108108164,-0.989992849613695,"Pred.S1"
73,0.22314355131421,-0.725015524815662,"Pred.S1"
74,0.336472236621213,-0.841877277984218,"Pred.S1"
75,-1.25276296849537,-0.956053368067364,"Pred.S1"
76,NA,-0.166466908152715,"Pred.S1"
77,NA,NA,"Pred.S1"
78,1.09861228866811,NA,"Pred.S1"
79,-1.09861228866811,NA,"Pred.S1"
80,1.09861228866811,NA,"Pred.S1"
81,0,-0.499106377590027,"Pred.S1"
82,-0.405465108108164,-0.2596841046336,"Pred.S1"
83,2.35137525716348,0.112430172190016,"Pred.S1"
84,-1.65822807660353,-1.88363471247864,"Pred.S1"
85,0.559615787935423,-0.670034508251138,"Pred.S1"
86,-1.94591014905531,-0.995254159318691,"Pred.S1"
87,NA,0.386925394926444,"Pred.S1"
88,NA,NA,"Pred.S1"
89,1.09861228866811,NA,"Pred.S1"
90,-1.79175946922805,NA,"Pred.S1"
91,0,NA,"Pred.S1"
92,0.693147180559945,1.27159509238441,"Pred.S1"
93,-0.693147180559945,0.801880156883441,"Pred.S1"
94,1.38629436111989,1.09115534450855,"Pred.S1"
95,-0.287682072451781,0.0913014823856511,"Pred.S1"
96,0,0.206981069634514,"Pred.S1"
97,-0.405465108108164,0.272478359089654,"Pred.S1"
98,NA,0.359744323875666,"Pred.S1"
99,NA,NA,"Pred.S1"
100,0,NA,"Pred.S1"
101,0,NA,"Pred.S1"
102,0,NA,"Pred.S1"
103,1.09861228866811,0.551402394621816,"Pred.S1"
104,0.510825623765991,-0.282665785548261,"Pred.S1"
105,-0.916290731874155,-0.674888129178956,"Pred.S1"
106,0.405465108108164,0.0377572623925235,"Pred.S1"
107,-0.405465108108164,-0.26939764236582,"Pred.S1"
108,0.693147180559945,0.00524412088681019,"Pred.S1"
109,NA,-0.536457062878565,"Pred.S1"
110,NA,NA,"Pred.S1"
111,1.09861228866811,NA,"Pred.S1"
112,0.510825623765991,NA,"Pred.S1"
113,0.182321556793955,NA,"Pred.S1"
114,0.287682072451781,-0.521340668149385,"Pred.S1"
115,0.485507815781701,-0.509588314345851,"Pred.S1"
116,-0.485507815781701,-0.770811821724325,"Pred.S1"
117,-0.980829253011726,-0.365640263534696,"Pred.S1"
118,0.510825623765991,0.279152830369933,"Pred.S1"
119,0.470003629245736,-0.0853641661011519,"Pred.S1"
120,NA,-0.559788653149835,"Pred.S1"
121,NA,NA,"Pred.S1"
122,2.39789527279837,NA,"Pred.S1"
123,-0.318453731118535,NA,"Pred.S1"
124,-0.980829253011726,NA,"Pred.S1"
125,-1.09861228866811,0.176389282757011,"Pred.S1"
126,1.94591014905531,0.893533725078744,"Pred.S1"
127,-0.847297860387204,-0.543564755615787,"Pred.S1"
128,0,0.295718222586935,"Pred.S1"
129,1.09861228866811,0.106442900991347,"Pred.S1"
130,-0.587786664902119,-0.689043475510614,"Pred.S1"
131,NA,-0.268432627744407,"Pred.S1"
132,NA,NA,"Pred.S1"
133,0,NA,"Pred.S1"
134,0,NA,"Pred.S1"
135,0,NA,"Pred.S1"
136,0,0.22673494452027,"Pred.S1"
137,0,0.296202071300827,"Pred.S1"
138,0,0.189313004506833,"Pred.S1"
139,0,0.344345537879245,"Pred.S1"
140,0,0.322938657350372,"Pred.S1"
141,0,0.355056553789946,"Pred.S1"
142,NA,0.210424299855986,"Pred.S1"
143,NA,NA,"Pred.S1"
144,2.30258509299405,NA,"Pred.S1"
145,-0.693147180559945,NA,"Pred.S1"
146,-0.916290731874155,NA,"Pred.S1"
147,0.693147180559945,-0.0546933887528799,"Pred.S1"
148,-0.287682072451781,-0.39339029286815,"Pred.S1"
149,0.693147180559945,-0.254462564153021,"Pred.S1"
150,-1.79175946922805,-0.691324379570896,"Pred.S1"
151,1.6094379124341,0.569444150908198,"Pred.S1"
152,0,-0.776213604476787,"Pred.S1"
153,NA,-0.565821968382583,"Pred.S1"
154,NA,NA,"Pred.S1"
155,1.09861228866811,NA,"Pred.S1"
156,-1.09861228866811,NA,"Pred.S1"
157,0.693147180559945,NA,"Pred.S1"
158,-0.693147180559945,-0.199636473590873,"Pred.S1"
159,1.09861228866811,0.357632428868072,"Pred.S1"
160,0.693147180559945,-0.508339262379029,"Pred.S1"
161,-1.09861228866811,-0.916823892485399,"Pred.S1"
162,-0.693147180559945,-0.0665666594150999,"Pred.S1"
163,0,0.429743612159061,"Pred.S1"
164,NA,0.335059015999033,"Pred.S1"
165,NA,NA,"Pred.S1"
166,0,NA,"Pred.S1"
167,1.09861228866811,NA,"Pred.S1"
168,-0.405465108108164,NA,"Pred.S1"
169,-0.693147180559945,-0.400731334636537,"Pred.S1"
170,0,0.100130411427991,"Pred.S1"
171,0.693147180559945,0.0632569518160119,"Pred.S1"
172,-0.693147180559945,-0.364038517115229,"Pred.S1"
173,0,0.167629623823736,"Pred.S1"
174,0,0.0646201703273939,"Pred.S1"
175,NA,0.103477344537418,"Pred.S1"
176,NA,NA,"Pred.S1"
177,-0.59783700075562,NA,"Pred.S1"
178,0.241162056816888,NA,"Pred.S1"
179,-1.02961941718116,NA,"Pred.S1"
180,-0.22314355131421,0.383614961423483,"Pred.S1"
181,0.405465108108164,0.250150187338088,"Pred.S1"
182,-1.79175946922805,-0.025755752323647,"Pred.S1"
183,0.693147180559945,1.07629495893699,"Pred.S1"
184,-0.693147180559945,0.368607323570636,"Pred.S1"
185,0,0.855986258709272,"Pred.S1"
186,NA,0.638366142885414,"Pred.S1"
187,NA,NA,"Pred.S1"
188,0.693147180559945,NA,"Pred.S1"
189,-1.09861228866811,NA,"Pred.S1"
190,-0.693147180559945,NA,"Pred.S1"
191,2.83321334405622,1.20459544677596,"Pred.S1"
192,-0.53062825106217,-0.911926786711693,"Pred.S1"
193,-0.22314355131421,-0.520789431331701,"Pred.S1"
194,-1.38629436111989,-0.562589794741335,"Pred.S1"
195,0,0.130515019379483,"Pred.S1"
196,0.405465108108164,0.00568416201523439,"Pred.S1"
197,NA,-0.291470709162927,"Pred.S1"
198,NA,NA,"Pred.S1"
199,0.318453731118535,NA,"Pred.S1"
200,-0.200670695462151,NA,"Pred.S1"
201,-0.117783035656384,NA,"Pred.S1"
202,1.35454566280531,-0.0618428775062935,"Pred.S1"
203,-0.298492988555997,-1.03629074371735,"Pred.S1"
204,-1.74919985480926,-0.675512951264938,"Pred.S1"
205,0.405465108108164,0.191239206721017,"Pred.S1"
206,-0.693147180559945,-0.309456848429721,"Pred.S1"
207,0.287682072451781,0.241864064140811,"Pred.S1"
208,NA,-0.0982308852775311,"Pred.S1"
209,NA,NA,"Pred.S1"
210,0.693147180559945,NA,"Pred.S1"
211,-0.693147180559945,NA,"Pred.S1"
212,1.6094379124341,NA,"Pred.S1"
213,-0.510825623765991,-0.337882032612567,"Pred.S1"
214,-1.09861228866811,0.00102184182969096,"Pred.S1"
215,0,0.557790210581667,"Pred.S1"
216,0,0.450595764719046,"Pred.S1"
217,0,0.391723288915787,"Pred.S1"
218,0,0.34970034990058,"Pred.S1"
219,NA,0.367435645426804,"Pred.S1"
220,NA,NA,"Pred.S1"
221,0.693147180559945,NA,"Pred.S1"
222,-0.287682072451781,NA,"Pred.S1"
223,-1.09861228866811,NA,"Pred.S1"
224,1.09861228866811,1.20144011868472,"Pred.S1"
225,0,0.343255431951863,"Pred.S1"
226,-0.405465108108164,0.358622573425516,"Pred.S1"
227,0,0.210990583102699,"Pred.S1"
228,0.916290731874155,0.200953664891704,"Pred.S1"
229,-0.916290731874155,-0.567955236458236,"Pred.S1"
230,NA,0.234257591504348,"Pred.S1"
231,NA,NA,"Pred.S1"
232,0.693147180559945,NA,"Pred.S1"
233,0.405465108108164,NA,"Pred.S1"
234,0.606135803570315,NA,"Pred.S1"
235,-1.01160091167848,-0.941041177574386,"Pred.S1"
236,-0.693147180559945,-0.360006141637711,"Pred.S1"
237,0.693147180559945,-0.118928899658757,"Pred.S1"
238,-1.38629436111989,-0.516442237588676,"Pred.S1"
239,0,0.458618047648091,"Pred.S1"
240,0,0.271526797435466,"Pred.S1"
241,NA,0.252982253651185,"Pred.S1"
242,NA,NA,"Pred.S1"
243,2.07944154167984,NA,"Pred.S1"
244,-0.693147180559945,NA,"Pred.S1"
245,-1.38629436111989,NA,"Pred.S1"
246,2.83321334405622,0.896549097336141,"Pred.S1"
247,0,-1.12102475558899,"Pred.S1"
248,-0.75377180237638,-0.953164806706076,"Pred.S1"
249,0,-0.574673712838414,"Pred.S1"
250,-0.693147180559945,-0.607241363228163,"Pred.S1"
251,-0.693147180559945,-0.294813113880265,"Pred.S1"
252,NA,0.0918670942842745,"Pred.S1"
253,NA,NA,"Pred.S1"
254,-0.693147180559945,NA,"Pred.S1"
255,0,NA,"Pred.S1"
256,1.09861228866811,NA,"Pred.S1"
257,-0.405465108108164,-0.627218334920907,"Pred.S1"
258,-0.693147180559945,-0.162395589269558,"Pred.S1"
259,0,0.186014142545984,"Pred.S1"
260,0,0.185960513430327,"Pred.S1"
261,0,0.139140511297225,"Pred.S1"
262,0,0.205355045086539,"Pred.S1"
263,NA,0.241826568970149,"Pred.S1"
264,NA,NA,"Pred.S1"
1,0,0.264425643439184,"Moll1"
2,3.52636052461616,0.38149192766329,"Moll1"
3,-3.52636052461616,-0.527646891943593,"Moll1"
4,3.46573590279973,0.601996515068076,"Moll1"
5,-0.330241686870577,-1.09343577247208,"Moll1"
6,-0.362905493689368,-1.08008476946651,"Moll1"
7,-2.77258872223978,-0.189252408289203,"Moll1"
8,0,0.284771751426733,"Moll1"
9,1.6094379124341,0.676508142498607,"Moll1"
10,NA,0.431795195665791,"Moll1"
11,NA,NA,"Moll1"
12,0,0.520312972203168,"Moll1"
13,0,0.131646589632753,"Moll1"
14,3.04452243772342,0.706698338779377,"Moll1"
15,-3.04452243772342,-0.767300104514438,"Moll1"
16,0,1.49165439351977,"Moll1"
17,0,0.289899425980205,"Moll1"
18,0,0.194240982777409,"Moll1"
19,0,0.281522045331405,"Moll1"
20,0,0.312055988630153,"Moll1"
21,NA,0.645576734349825,"Moll1"
22,NA,NA,"Moll1"
23,0,0.146109776054852,"Moll1"
24,0,0.340978049682036,"Moll1"
25,0,0.291655370721443,"Moll1"
26,0,0.428561676667883,"Moll1"
27,0,0.643917404829724,"Moll1"
28,0,0.182837068930412,"Moll1"
29,0,0.186866332755257,"Moll1"
30,0,0.6143642200408,"Moll1"
31,0,0.712627169103316,"Moll1"
32,NA,0.687322553952384,"Moll1"
33,NA,NA,"Moll1"
34,0,1.41853909774705,"Moll1"
35,0,0.163677372096836,"Moll1"
36,0,0.913500941581155,"Moll1"
37,0,0.466528836038352,"Moll1"
38,0,0.388120072495497,"Moll1"
39,0,0.212099988493112,"Moll1"
40,0,0.927430511839578,"Moll1"
41,0,0.520682825583193,"Moll1"
42,0,0.605980187691586,"Moll1"
43,NA,0.342500818642495,"Moll1"
44,NA,NA,"Moll1"
45,0,0.88993868110096,"Moll1"
46,0,1.21129742126736,"Moll1"
47,0,0.46007834624885,"Moll1"
48,0,0.388833881527245,"Moll1"
49,0,0.540631736229987,"Moll1"
50,0,0.539310850723666,"Moll1"
51,0,0.281326990237717,"Moll1"
52,0,0.62718876792637,"Moll1"
53,0,0.326482261652953,"Moll1"
54,NA,0.36300878105523,"Moll1"
55,NA,NA,"Moll1"
56,0,0.593919965183816,"Moll1"
57,0,0.832566734485579,"Moll1"
58,0,0.151536407580107,"Moll1"
59,0,1.12618216975621,"Moll1"
60,0.693147180559945,-0.0232899713458032,"Moll1"
61,-0.693147180559945,0.4743339592981,"Moll1"
62,0,0.2761837443974,"Moll1"
63,0,0.487201102588774,"Moll1"
64,0,0.272419187334547,"Moll1"
65,NA,0.593720324845017,"Moll1"
66,NA,NA,"Moll1"
67,3.3322045101752,0.800246500828017,"Moll1"
68,-1.38629436111989,0.00437333227854295,"Moll1"
69,1.88273124743378,0.351539529343066,"Moll1"
70,-0.496436886313891,0.298004889564817,"Moll1"
71,0.985283603361106,0.178891983458125,"Moll1"
72,0.461635379575219,-0.277270016163917,"Moll1"
73,-0.0341913647482793,-0.273152508894376,"Moll1"
74,-0.0909717782057268,-0.360209874825159,"Moll1"
75,-0.434452644981417,-0.379692125514262,"Moll1"
76,NA,-0.221541422368984,"Moll1"
77,NA,NA,"Moll1"
78,0,0.0886040168143955,"Moll1"
79,0,0.789055928191624,"Moll1"
80,0,0.443467262500251,"Moll1"
81,1.94591014905531,0.22906125944669,"Moll1"
82,-1.94591014905531,0.33491410684158,"Moll1"
83,2.77258872223978,0.325544108205799,"Moll1"
84,0.723918839226699,-0.146921074815553,"Moll1"
85,-1.09861228866811,-0.272845189503477,"Moll1"
86,-0.0953101798043249,-0.219366471691439,"Moll1"
87,NA,0.319846430513696,"Moll1"
88,NA,NA,"Moll1"
89,-1.74919985480926,-0.0735319632916867,"Moll1"
90,-1.38629436111989,-0.200825147465223,"Moll1"
91,0,0.317834296064534,"Moll1"
92,2.07944154167984,0.761600612198559,"Moll1"
93,0.117783035656383,-0.320037560673568,"Moll1"
94,-0.117783035656384,-0.214552763887239,"Moll1"
95,0.117783035656383,-0.170689820168233,"Moll1"
96,-0.587786664902119,-0.324459569425202,"Moll1"
97,0.182321556793955,-0.116790724317035,"Moll1"
98,NA,0.649788705244074,"Moll1"
99,NA,NA,"Moll1"
100,0,0.453401958177024,"Moll1"
101,0,0.968018350222254,"Moll1"
102,0,-0.244355836332828,"Moll1"
103,0.693147180559945,0.71677100441493,"Moll1"
104,0.405465108108164,0.155471028856787,"Moll1"
105,0.693147180559945,0.538177077436851,"Moll1"
106,0.154150679827258,0.0226378072250205,"Moll1"
107,-1.94591014905531,-0.14260491871618,"Moll1"
108,0,0.592427789106842,"Moll1"
109,NA,0.532639383420627,"Moll1"
110,NA,NA,"Moll1"
111,0,1.76133496907522,"Moll1"
112,1.09861228866811,0.981900083624963,"Moll1"
113,3.70540875606515,1.60886056710992,"Moll1"
114,-0.00823049913651548,-0.15373520983464,"Moll1"
115,-0.967149149107646,-0.458606076932707,"Moll1"
116,0.178691788743376,-0.242504958098397,"Moll1"
117,-1.36827585561721,-0.246727551130213,"Moll1"
118,0.728238500371216,0.0272375625559456,"Moll1"
119,-0.276253376628158,0.0983005147635211,"Moll1"
120,NA,-0.0808322452015006,"Moll1"
121,NA,NA,"Moll1"
122,0,0.39230668089675,"Moll1"
123,3.3322045101752,0.592081442537066,"Moll1"
124,0.0689928714869514,-0.0131589224623643,"Moll1"
125,0.53062825106217,0.0496146269695439,"Moll1"
126,-0.147635998806065,0.0445733895351812,"Moll1"
127,0.790521344585122,-0.320326787483236,"Moll1"
128,-0.0973741640251764,-0.316583225582636,"Moll1"
129,-0.243230309880947,-0.333303507695657,"Moll1"
130,-0.42744401482694,-0.213891728870123,"Moll1"
131,NA,-0.0234945645795743,"Moll1"
132,NA,NA,"Moll1"
133,1.83258146374831,0.36260504198534,"Moll1"
134,-0.653926467406664,-0.871689640313849,"Moll1"
135,-2.56494935746154,0.0739953319093515,"Moll1"
136,1.94591014905531,0.464078828932746,"Moll1"
137,0.133531392624523,-0.125406214785468,"Moll1"
138,0,-0.00888772004245338,"Moll1"
139,-0.133531392624523,0.127385643789724,"Moll1"
140,-0.154150679827258,0.1030836889246,"Moll1"
141,-1.09861228866811,0.274432822948361,"Moll1"
142,NA,0.177230206401163,"Moll1"
143,NA,NA,"Moll1"
144,2.56494935746154,0.751764501937422,"Moll1"
145,-1.46633706879343,-0.736988651148206,"Moll1"
146,-1.09861228866811,-0.208911583119616,"Moll1"
147,1.94591014905531,0.539131946890047,"Moll1"
148,-0.154150679827258,-0.893324353778308,"Moll1"
149,0.287682072451781,-0.124954138415544,"Moll1"
150,0,-0.280653842682655,"Moll1"
151,-0.693147180559945,0.0182566727761292,"Moll1"
152,0,0.0479884940885497,"Moll1"
153,NA,0.618236615828326,"Moll1"
154,NA,NA,"Moll1"
155,1.75785791755237,-0.206059723582681,"Moll1"
156,-1.00017221585486,-0.222739027360531,"Moll1"
157,0.661398482245365,-0.0582182264230793,"Moll1"
158,0.315516871445225,-0.103192040073348,"Moll1"
159,-0.805065096763931,-0.118155001092273,"Moll1"
160,1.11600403137998,-0.325630104487024,"Moll1"
161,-0.783298277554243,-0.74146403284227,"Moll1"
162,-0.0190481949706945,-0.321237476459652,"Moll1"
163,0.126293725324292,-0.109792498228143,"Moll1"
164,NA,-0.00819376057568193,"Moll1"
165,NA,NA,"Moll1"
166,-1.03192091416944,0.0428505145421959,"Moll1"
167,-0.794929874869888,0.468289240825578,"Moll1"
168,0.916290731874155,0.359116525672153,"Moll1"
169,0.0281708769666962,0.221351692932103,"Moll1"
170,0.575364144903562,0.0738253668306586,"Moll1"
171,-0.246860077931526,0.164450974152591,"Moll1"
172,-0.415515443961666,-0.106203219089808,"Moll1"
173,-0.0625203569813339,0.0947166259441745,"Moll1"
174,0,0.182711702468252,"Moll1"
175,NA,0.122716931934269,"Moll1"
176,NA,NA,"Moll1"
177,-1.01764322613444,-2.51224799183107,"Moll1"
178,-0.510825623765991,-0.746147349849976,"Moll1"
179,0.154150679827258,-0.540785839468186,"Moll1"
180,0.0909717782057268,-0.759117753280865,"Moll1"
181,-0.832909122935104,0.188220494382286,"Moll1"
182,-1.6094379124341,-0.322614997019131,"Moll1"
183,2.01490302054226,0.542706759096222,"Moll1"
184,0.847297860387204,-0.0969741833360782,"Moll1"
185,1.69692536655722,0.479099975413594,"Moll1"
186,NA,0.429429334156502,"Moll1"
187,NA,NA,"Moll1"
188,-0.0168071183163813,-0.772498974312706,"Moll1"
189,-1.43848011429046,-0.496921321013921,"Moll1"
190,-0.693147180559945,-0.232675189531497,"Moll1"
191,0.944461608840852,0.498622776771559,"Moll1"
192,-2.89037175789616,-0.388654778403568,"Moll1"
193,2.19722457733622,3.16636028844821,"Moll1"
194,-0.405465108108164,0.431174004384497,"Moll1"
195,0.980829253011726,0.469523226721795,"Moll1"
196,0.22314355131421,0.00909340154649205,"Moll1"
197,NA,0.0795615161832142,"Moll1"
198,NA,NA,"Moll1"
199,-1.92181259747625,-0.574403590334728,"Moll1"
200,1.06087196068526,-0.262549293432476,"Moll1"
201,0.109199291964992,-0.188779064403974,"Moll1"
202,1.11570672202741,-0.915949040666813,"Moll1"
203,0.151726436215752,-3.25988428361212,"Moll1"
204,-5.32787616878958,-2.13725541578672,"Moll1"
205,4.31748811353631,1.13445199779808,"Moll1"
206,0.336472236621213,-0.470400958074003,"Moll1"
207,-0.121360857004267,-0.653265976199587,"Moll1"
208,NA,-0.667336179589334,"Moll1"
209,NA,NA,"Moll1"
210,3.16406758837321,0.249546915743758,"Moll1"
211,-0.0431721718652088,-0.0253803257716112,"Moll1"
212,-0.348306694268216,0.061049903466595,"Moll1"
213,0.377294231141468,-0.279300196245589,"Moll1"
214,-0.259511195485085,0.0530201996786528,"Moll1"
215,-0.37806613392005,-0.152193111742607,"Moll1"
216,-0.114410351177744,0.0473101235015868,"Moll1"
217,0.510825623765991,0.126061434396985,"Moll1"
218,-0.962810747509048,0.00145746466182933,"Moll1"
219,NA,0.191293459685463,"Moll1"
220,NA,NA,"Moll1"
221,-0.526093095896779,-0.084199961677798,"Moll1"
222,-1.17865499634165,-0.628686734133487,"Moll1"
223,0.559615787935423,-0.0940083241117366,"Moll1"
224,1.31218638896617,0.298318193900754,"Moll1"
225,-3.25809653802148,-0.0753203464342713,"Moll1"
226,2.39789527279837,0.107100246955089,"Moll1"
227,-1.70474809223843,-0.0761958826562672,"Moll1"
228,0.916290731874155,0.513075299549717,"Moll1"
229,-0.510825623765991,0.0323585440348204,"Moll1"
230,NA,0.208998799970692,"Moll1"
231,NA,NA,"Moll1"
232,-0.455062049247537,-0.338273691896787,"Moll1"
233,-0.745332933730515,-0.396238644903391,"Moll1"
234,-1.38629436111989,-0.132179290820716,"Moll1"
235,1.09861228866811,-0.509905747259384,"Moll1"
236,0.847297860387204,-0.526157475462798,"Moll1"
237,-0.800777844752311,0.237560641350142,"Moll1"
238,0.0870113769896297,-0.25750341986186,"Moll1"
239,1.26459742614237,-0.349906408842745,"Moll1"
240,-0.55083095837969,-1.44481445406352,"Moll1"
241,NA,0.410655004039571,"Moll1"
242,NA,NA,"Moll1"
243,-0.374114578224088,-0.28787327151933,"Moll1"
244,0.105360515657826,-0.241510007079968,"Moll1"
245,-0.628608659422374,-0.269136615369061,"Moll1"
246,0.994408511138107,-0.299189559301036,"Moll1"
247,1.01840900291314,-0.665944495109766,"Moll1"
248,-6.17170059741091,-2.00205598020193,"Moll1"
249,4.29045944114839,1.54346234518983,"Moll1"
250,-0.652873281422005,-0.21087708004371,"Moll1"
251,0.29423947299794,0.091007215550071,"Moll1"
252,NA,-0.339297432968935,"Moll1"
253,NA,NA,"Moll1"
254,1.09861228866811,-0.000901644602966142,"Moll1"
255,-0.31015492830384,0.0400735698855682,"Moll1"
256,0.405465108108164,-0.0803925559183694,"Moll1"
257,0.167054084663166,-0.0267130389551411,"Moll1"
258,0.693147180559945,-0.496703321643009,"Moll1"
259,-0.19782574332992,-0.0985678184012906,"Moll1"
260,-0.330241686870577,-0.208439137114555,"Moll1"
261,-0.394654192003949,0.105958444423328,"Moll1"
262,0.996829594358167,-0.173643426872931,"Moll1"
263,NA,-0.0716637818839181,"Moll1"
264,NA,NA,"Moll1"
